Kreis-Id; Stadt;Winterweizen;Roggen und Wintermenggetreide;Wintergerste;Sommergerste;Hafer;Triticale;Kartoffeln;Zuckerrüben;Winterraps;Silomais
2025;;;;;;;;;;;
08111;      Stuttgart, Stadtkreis;/;/;/;70,2;/;/;/;814,1;/;/
08115;      Böblingen, Landkreis;78,2;/;58,7;72,2;/;/;/;/;43,3;/
08116;      Esslingen, Landkreis;83;/;70,5;/;58,7;/;342,3;/;/;489,2
08117;      Göppingen, Landkreis;91;/;79,8;/;/;74,2;/;/;/;458,1
08118;      Ludwigsburg, Landkreis;71,7;/;72,5;59,9;58,3;72,2;353,3;845,4;43,1;465,3
08119;      Rems-Murr-Kreis, Landkreis;80;/;66,9;/;52,5;61;/;/;/;494,2
08121;      Heilbronn, Stadtkreis;/;/;/;/;/;-;/;/;/;/
08125;      Heilbronn, Landkreis;83,3;/;67,9;70,7;73,3;/;448,7;875;44,8;517,1
08126;      Hohenlohekreis, Landkreis;76,8;/;76,4;54,1;42,8;/;/;850,4;40,4;539,7
08127;      Schwäbisch Hall, Landkreis;75,7;/;76,2;60,8;/;77,2;/;933,2;43,6;497,3
08128;      Main-Tauber-Kreis, Landkreis;66,6;/;68;58;36;74,6;109;845,2;35,1;428,3
08135;      Heidenheim, Landkreis;86,9;/;75;64,1;/;/;/;/;41,3;553,2
08136;      Ostalbkreis, Landkreis;81,6;/;74,6;64,3;53,3;60,4;/;/;43,8;448,2
08211;      Baden-Baden, Stadtkreis;/;/;/;-;/;-;-;-;/;-
08212;      Karlsruhe, Stadtkreis;/;/;/;-;/;/;/;-;-;-
08215;      Karlsruhe, Landkreis;69,5;50,8;64,7;62,3;50,5;/;461;813,7;35,7;/
08216;      Rastatt, Landkreis;74,2;/;58,5;/;/;/;/;-;/;/
08221;      Heidelberg, Stadtkreis;/;-;/;/;-;/;/;/;/;/
08222;      Mannheim, Stadtkreis;/;/;/;/;/;/;/;/;/;/
08225;      Neckar-Odenwald-Kreis, Landkreis;71,6;/;60,3;52,4;51,5;62,3;/;743,2;38,4;444,4
08226;      Rhein-Neckar-Kreis, Landkreis;79,6;55,6;70,3;57,7;49,2;/;/;762;38,1;505,8
08231;      Pforzheim, Stadtkreis;/;-;/;-;/;-;-;-;/;/
08235;      Calw, Landkreis;67,1;/;/;/;/;/;/;/;/;/
08236;      Enzkreis, Landkreis;86,6;/;69,2;65,8;/;/;/;/;44,6;452,2
08237;      Freudenstadt, Landkreis;81,6;/;74,3;/;47,3;/;199,8;-;46;542,8
08311;      Freiburg im Breisgau, Stadtkreis;/;/;/;/;/;/;/;/;-;/
08315;      Breisgau-Hochschwarzwald, Landkreis;86,4;/;73,1;73,2;/;/;438,5;/;/;355,5
08316;      Emmendingen, Landkreis;81,9;/;/;/;/;/;/;/;/;/
08317;      Ortenaukreis, Landkreis;76;/;70,7;/;62,5;/;/;/;/;/
08325;      Rottweil, Landkreis;81,6;/;81,2;/;59,7;78,9;/;-;41,5;482,5
08326;      Schwarzwald-Baar-Kreis, Landkreis;78,5;/;82,9;/;59,3;/;/;/;/;455,1
08327;      Tuttlingen, Landkreis;70,8;/;70,6;42,1;/;53,2;273,6;/;39,7;524
08335;      Konstanz, Landkreis;78,6;/;89,3;/;/;/;/;/;/;465,5
08336;      Lörrach, Landkreis;/;/;/;/;/;/;/;/;/;/
08337;      Waldshut, Landkreis;68,2;/;67,6;53,8;58,3;74,1;/;/;/;429,1
08415;      Reutlingen, Landkreis;67,1;57,9;77,3;48,2;51,3;68;/;/;40,5;395,4
08416;      Tübingen, Landkreis;78,1;/;79,3;68,4;48,1;/;/;930,6;43,3;/
08417;      Zollernalbkreis, Landkreis;62,8;/;55,5;/;46,8;66,8;/;-;38,4;438,4
08421;      Ulm, Stadtkreis;/;-;/;/;/;/;/;/;/;/
08425;      Alb-Donau-Kreis, Landkreis;81,3;/;78,1;69,8;31,5;75,1;/;/;45,7;419,3
08426;      Biberach, Landkreis;91,4;/;84,8;67;66,3;76,6;/;969,9;46,6;519,4
08435;      Bodenseekreis, Landkreis;71,6;/;/;/;/;/;/;/;/;/
08436;      Ravensburg, Landkreis;83,9;/;75,8;/;59,9;/;/;/;/;513,6
08437;      Sigmaringen, Landkreis;85,7;/;79,6;67,2;66,5;/;/;931,7;43,3;412,2
2024;;;;;;;;;;;
08111;      Stuttgart, Stadtkreis;/;/;/;53;/;/;/;410,3;/;/
08115;      Böblingen, Landkreis;71;/;/;55,5;/;/;/;/;43,2;/
08116;      Esslingen, Landkreis;61,4;/;57,4;39,4;46,7;/;/;/;/;430,4
08117;      Göppingen, Landkreis;69,8;/;70,3;/;47,3;/;/;/;45;498,5
08118;      Ludwigsburg, Landkreis;63,6;/;64,7;52,4;52,3;/;265,8;424,7;/;425,7
08119;      Rems-Murr-Kreis, Landkreis;60,5;/;58,9;/;44,8;/;/;/;/;423,7
08121;      Heilbronn, Stadtkreis;/;/;/;/;/;-;/;/;/;/
08125;      Heilbronn, Landkreis;71;/;64,4;61,2;/;/;417,6;653,6;41,4;473,5
08126;      Hohenlohekreis, Landkreis;64;/;65,4;38,5;/;/;/;666;35,4;449,5
08127;      Schwäbisch Hall, Landkreis;72;/;72,5;47,2;/;60,7;272,1;822,3;35,5;516,8
08128;      Main-Tauber-Kreis, Landkreis;64,8;/;63,3;51,6;/;64,1;109,7;819,8;36,4;482,3
08135;      Heidenheim, Landkreis;65;/;61,3;46,9;/;/;/;/;39;534,8
08136;      Ostalbkreis, Landkreis;59,2;/;69,5;46,5;26,9;55,4;/;/;44,9;446,2
08211;      Baden-Baden, Stadtkreis;-;/;/;/;-;-;/;-;-;/
08212;      Karlsruhe, Stadtkreis;/;/;/;/;/;/;/;/;/;/
08215;      Karlsruhe, Landkreis;60,3;48;52,8;53,2;51,4;/;407,3;765,2;35;/
08216;      Rastatt, Landkreis;47,1;/;48,3;/;/;/;/;-;/;/
08221;      Heidelberg, Stadtkreis;/;-;/;/;-;-;/;/;/;/
08222;      Mannheim, Stadtkreis;/;/;/;/;/;/;/;/;/;/
08225;      Neckar-Odenwald-Kreis, Landkreis;61,4;37,9;60,3;42;47,4;47,3;/;729;33,9;431,1
08226;      Rhein-Neckar-Kreis, Landkreis;66,6;31;61;59,4;54,4;/;/;762,2;35,5;503,1
08231;      Pforzheim, Stadtkreis;/;-;/;/;/;-;-;-;/;/
08235;      Calw, Landkreis;64,1;/;68,7;/;/;/;/;/;/;/
08236;      Enzkreis, Landkreis;68,8;/;60,9;52,1;/;/;/;/;38,6;467,4
08237;      Freudenstadt, Landkreis;72,9;/;62,7;42,1;39,7;52;/;-;41;496,9
08311;      Freiburg im Breisgau, Stadtkreis;/;/;/;/;/;/;-;/;-;-
08315;      Breisgau-Hochschwarzwald, Landkreis;82,6;/;71,1;/;/;/;/;/;/;294,6
08316;      Emmendingen, Landkreis;65,6;/;/;57,1;/;/;/;/;/;/
08317;      Ortenaukreis, Landkreis;54,7;/;52,3;/;/;/;/;/;/;/
08325;      Rottweil, Landkreis;79,9;/;77,8;/;/;/;/;-;39,5;489,4
08326;      Schwarzwald-Baar-Kreis, Landkreis;76,4;/;71,1;/;45,5;51,2;/;/;44,7;410,2
08327;      Tuttlingen, Landkreis;71,2;/;69,6;37,2;/;47,1;/;/;44,3;/
08335;      Konstanz, Landkreis;56,7;/;63,5;/;32,7;/;/;/;/;455,5
08336;      Lörrach, Landkreis;/;/;/;/;/;/;/;/;/;/
08337;      Waldshut, Landkreis;67,2;/;56,5;39,2;51,7;60,9;/;/;/;425
08415;      Reutlingen, Landkreis;56,9;41,2;58,5;38,2;45,3;57,5;/;/;29;405
08416;      Tübingen, Landkreis;68,8;/;73,1;47,7;40,5;/;/;886;45;/
08417;      Zollernalbkreis, Landkreis;50,1;/;/;/;35,4;/;/;-;/;426,2
08421;      Ulm, Stadtkreis;/;/;/;/;/;/;/;-;/;/
08425;      Alb-Donau-Kreis, Landkreis;68,7;/;66,1;53,4;46,8;57,7;/;/;40,5;422,3
08426;      Biberach, Landkreis;64,1;/;65,9;41,8;58,3;55,8;/;/;36,9;448,3
08435;      Bodenseekreis, Landkreis;/;/;68,9;/;/;/;/;/;/;/
08436;      Ravensburg, Landkreis;65,5;/;63,5;46,4;56,6;60;/;/;/;464
08437;      Sigmaringen, Landkreis;64,8;/;67,5;52,9;48,3;/;/;/;36,9;450,5
2023;;;;;;;;;;;
08111;      Stuttgart, Stadtkreis;/;-;/;63,7;/;/;/;/;/;/
08115;      Böblingen, Landkreis;75,4;/;/;67,1;/;/;/;/;39,1;/
08116;      Esslingen, Landkreis;74,4;/;64,8;/;46,6;/;261,6;/;/;365,4
08117;      Göppingen, Landkreis;66,3;/;66,6;/;/;/;/;-;/;330,2
08118;      Ludwigsburg, Landkreis;71,2;/;69,9;58,7;47;/;292,9;604;/;372,8
08119;      Rems-Murr-Kreis, Landkreis;71,1;/;60,5;51,3;45,3;57,4;/;/;/;384,8
08121;      Heilbronn, Stadtkreis;/;-;/;/;-;-;/;/;/;/
08125;      Heilbronn, Landkreis;81,5;/;75,9;63,3;/;/;291,6;563,2;40,3;438,6
08126;      Hohenlohekreis, Landkreis;65,1;/;69,2;32,8;/;/;/;630,9;38,3;384,4
08127;      Schwäbisch Hall, Landkreis;71;/;69,2;40,2;/;77;/;777,3;40,5;430,3
08128;      Main-Tauber-Kreis, Landkreis;64,8;/;61,5;46,4;21,8;61,1;165,9;670,7;36;387,6
08135;      Heidenheim, Landkreis;74,6;/;/;36,7;/;/;/;/;/;/
08136;      Ostalbkreis, Landkreis;66,7;/;71,9;32,6;17,8;48,6;/;/;43;355,5
08211;      Baden-Baden, Stadtkreis;/;/;/;-;-;-;/;-;-;-
08212;      Karlsruhe, Stadtkreis;/;/;/;/;/;-;/;-;-;/
08215;      Karlsruhe, Landkreis;70,1;49,1;66,5;61,4;36,6;/;475,6;753,9;38,3;/
08216;      Rastatt, Landkreis;64,9;/;/;/;/;/;/;/;/;/
08221;      Heidelberg, Stadtkreis;/;/;/;/;/;-;/;/;/;-
08222;      Mannheim, Stadtkreis;/;/;/;/;/;-;/;/;/;/
08225;      Neckar-Odenwald-Kreis, Landkreis;67,9;/;63,4;41;31,5;59,2;/;614,3;35,5;380,9
08226;      Rhein-Neckar-Kreis, Landkreis;77,7;53,1;72,9;58,3;49,8;/;/;720,3;36;363,1
08231;      Pforzheim, Stadtkreis;/;/;/;-;/;/;/;-;-;/
08235;      Calw, Landkreis;77,8;/;/;/;/;/;/;/;/;/
08236;      Enzkreis, Landkreis;78,6;/;70,2;60,2;/;/;/;/;43,9;320
08237;      Freudenstadt, Landkreis;70,8;/;/;39,6;/;/;175,3;-;40,6;412,8
08311;      Freiburg im Breisgau, Stadtkreis;/;/;/;/;/;/;/;-;-;-
08315;      Breisgau-Hochschwarzwald, Landkreis;83,1;/;67,3;/;/;/;471,7;/;/;289,9
08316;      Emmendingen, Landkreis;74,7;/;/;51,2;/;/;/;/;/;/
08317;      Ortenaukreis, Landkreis;79,8;/;67,9;/;52;/;/;/;34,5;/
08325;      Rottweil, Landkreis;74,7;/;74;37,7;27,8;/;/;/;40;453,9
08326;      Schwarzwald-Baar-Kreis, Landkreis;/;/;/;/;/;/;/;/;/;/
08327;      Tuttlingen, Landkreis;71;/;66;23;/;62,8;/;/;43,5;459,3
08335;      Konstanz, Landkreis;60,9;/;/;/;33,9;/;/;/;/;392,6
08336;      Lörrach, Landkreis;/;/;/;/;/;/;/;/;/;/
08337;      Waldshut, Landkreis;82,5;/;68,1;37,1;41,1;76,7;/;/;/;378,2
08415;      Reutlingen, Landkreis;64,5;44,7;68;27,7;26;69,2;/;/;40,8;365,7
08416;      Tübingen, Landkreis;73,1;/;66,7;55,5;35,7;/;/;/;48;/
08417;      Zollernalbkreis, Landkreis;58,6;/;60,4;/;26,1;50,6;/;-;37,9;385
08421;      Ulm, Stadtkreis;/;/;/;/;/;/;/;-;/;/
08425;      Alb-Donau-Kreis, Landkreis;77,3;/;71,7;42,4;/;77,6;/;/;44,3;393,2
08426;      Biberach, Landkreis;80,7;/;72,6;50,3;48,5;80,7;/;/;41,2;423
08435;      Bodenseekreis, Landkreis;79,5;/;77,2;59,3;60,5;/;/;/;/;222,5
08436;      Ravensburg, Landkreis;81,2;/;72,7;/;/;73,3;/;/;/;453,1
08437;      Sigmaringen, Landkreis;82,5;/;72,7;51,8;43,8;/;/;/;42,1;478,9
2022;;;;;;;;;;;
08111;      Stuttgart, Stadtkreis;/;/;/;62,8;/;/;/;706,1;/;/
08115;      Böblingen, Landkreis;81,9;/;/;70,9;/;/;/;/;39,4;/
08116;      Esslingen, Landkreis;91,2;/;69,1;/;/;/;/;/;/;397,9
08117;      Göppingen, Landkreis;82,5;/;75,1;/;/;/;/;-;/;353,6
08118;      Ludwigsburg, Landkreis;73,5;/;73,2;54,8;68,9;/;270,3;745,8;/;358
08119;      Rems-Murr-Kreis, Landkreis;63,1;/;68,4;/;62,8;68,8;/;/;/;446,6
08121;      Heilbronn, Stadtkreis;/;-;/;/;-;-;/;/;/;/
08125;      Heilbronn, Landkreis;76,8;/;79,4;61,2;/;/;340,3;675,6;45,5;349,2
08126;      Hohenlohekreis, Landkreis;65,4;/;72,5;44,6;41,2;/;/;664,7;38,2;343,4
08127;      Schwäbisch Hall, Landkreis;75,8;/;75,5;65,4;60,7;67,1;/;660,1;43,1;411,8
08128;      Main-Tauber-Kreis, Landkreis;61,7;/;64,3;45,8;32,3;51,1;131,6;692,7;37,1;222,1
08135;      Heidenheim, Landkreis;69,2;/;/;/;/;/;/;/;/;/
08136;      Ostalbkreis, Landkreis;78,5;/;77,2;37,8;37,2;/;/;/;42,6;404,1
08211;      Baden-Baden, Stadtkreis;/;/;/;-;-;-;/;-;-;-
08212;      Karlsruhe, Stadtkreis;/;/;/;/;/;/;/;-;-;/
08215;      Karlsruhe, Landkreis;75,9;48,4;68,7;56,4;55,4;/;466;663,8;47,3;/
08216;      Rastatt, Landkreis;65,4;/;/;/;/;/;/;-;/;/
08221;      Heidelberg, Stadtkreis;/;/;/;/;-;-;/;/;/;/
08222;      Mannheim, Stadtkreis;/;/;/;/;/;-;-;/;/;/
08225;      Neckar-Odenwald-Kreis, Landkreis;62;/;67;44,3;43;56,4;/;424,7;40,1;309,9
08226;      Rhein-Neckar-Kreis, Landkreis;73,8;43,8;72,5;59,9;65;/;/;794,9;47,1;360,7
08231;      Pforzheim, Stadtkreis;/;/;/;/;/;-;-;-;-;/
08235;      Calw, Landkreis;88,8;/;/;68,8;45,9;/;/;/;/;/
08236;      Enzkreis, Landkreis;83,9;/;72,6;/;/;/;/;/;48;359,7
08237;      Freudenstadt, Landkreis;77,8;/;/;51,4;70,9;64,7;397,4;-;42,9;429,8
08311;      Freiburg im Breisgau, Stadtkreis;/;/;/;/;/;/;/;-;-;/
08315;      Breisgau-Hochschwarzwald, Landkreis;90;/;76,3;49,2;/;/;458,1;/;/;252
08316;      Emmendingen, Landkreis;71,9;/;/;/;/;/;/;/;/;/
08317;      Ortenaukreis, Landkreis;74;/;53,8;/;58,3;60,7;/;/;/;/
08325;      Rottweil, Landkreis;73,3;/;81,2;61,4;/;/;/;/;41,5;406,7
08326;      Schwarzwald-Baar-Kreis, Landkreis;/;/;/;/;/;/;/;/;/;/
08327;      Tuttlingen, Landkreis;76,9;/;69,7;53,2;/;69,2;/;/;41,4;456,5
08335;      Konstanz, Landkreis;52,6;/;/;/;47,9;/;/;/;/;388,3
08336;      Lörrach, Landkreis;/;/;/;/;/;/;/;/;/;/
08337;      Waldshut, Landkreis;87,4;/;70;47,2;60,1;73,7;/;/;/;361,4
08415;      Reutlingen, Landkreis;67,1;/;72,9;51,8;54,1;73,3;195,8;/;33,3;369,5
08416;      Tübingen, Landkreis;75,2;/;80,3;56,2;45,7;/;/;/;46,6;/
08417;      Zollernalbkreis, Landkreis;69,9;/;62,3;/;54,4;63,6;/;-;37,9;376,8
08421;      Ulm, Stadtkreis;/;/;/;/;/;/;/;/;/;/
08425;      Alb-Donau-Kreis, Landkreis;81,6;/;75,5;65,9;/;83,4;/;/;45,5;443,2
08426;      Biberach, Landkreis;86,8;/;76,5;65,1;82,8;79,4;/;/;43,9;511,1
08435;      Bodenseekreis, Landkreis;/;/;69,7;/;/;/;/;/;/;/
08436;      Ravensburg, Landkreis;87,2;51,9;80,5;/;/;79,2;/;/;/;482,6
08437;      Sigmaringen, Landkreis;86;/;78,9;58,6;65;/;/;/;41,1;413,6
2021;;;;;;;;;;;
08111;      Stuttgart, Stadtkreis;/;/;/;57,2;/;-;/;830,5;-;/
08115;      Böblingen, Landkreis;69,7;/;62,6;61,8;/;/;/;/;37,2;/
08116;      Esslingen, Landkreis;60,7;/;45,8;/;/;/;/;/;/;506,5
08117;      Göppingen, Landkreis;69,5;/;74,3;/;/;/;/;-;/;513,4
08118;      Ludwigsburg, Landkreis;69,7;/;79,2;54,9;60,1;/;381,8;818,8;/;561,2
08119;      Rems-Murr-Kreis, Landkreis;64,1;/;63;/;57,2;66;315,7;/;/;478,1
08121;      Heilbronn, Stadtkreis;/;-;-;/;/;-;/;/;/;/
08125;      Heilbronn, Landkreis;70,1;/;75,9;59,1;43,5;/;424,2;851;37,7;529,6
08126;      Hohenlohekreis, Landkreis;65,7;/;69,5;48,6;41,5;/;/;860;38,6;584,5
08127;      Schwäbisch Hall, Landkreis;70;/;70,8;54,4;50,5;64,1;/;/;39,4;523,2
08128;      Main-Tauber-Kreis, Landkreis;62,5;41,1;69,2;52,1;44,1;38;158,5;893,8;34,6;521,9
08135;      Heidenheim, Landkreis;59,5;/;/;/;/;/;/;/;/;/
08136;      Ostalbkreis, Landkreis;68,4;/;76,6;50,2;46,7;/;/;/;32,1;464,9
08211;      Baden-Baden, Stadtkreis;/;/;/;/;/;-;/;-;-;/
08212;      Karlsruhe, Stadtkreis;/;/;/;/;/;/;/;-;-;/
08215;      Karlsruhe, Landkreis;59,9;59,6;67,8;52,5;45,9;/;465,4;864;36,6;/
08216;      Rastatt, Landkreis;59,2;/;/;/;/;/;/;-;-;/
08221;      Heidelberg, Stadtkreis;/;/;/;/;/;-;/;/;/;/
08222;      Mannheim, Stadtkreis;/;/;/;/;/;-;/;/;/;/
08225;      Neckar-Odenwald-Kreis, Landkreis;64,4;/;64,1;48,5;45,1;57,3;/;739,5;35;484,9
08226;      Rhein-Neckar-Kreis, Landkreis;69,1;63,1;70,4;51,1;66,9;/;/;893,4;35,8;392,9
08231;      Pforzheim, Stadtkreis;/;/;-;-;/;-;-;-;-;/
08235;      Calw, Landkreis;/;/;/;/;/;/;/;/;/;/
08236;      Enzkreis, Landkreis;68,5;/;72,8;/;/;/;/;/;38,7;450,9
08237;      Freudenstadt, Landkreis;70,7;/;62,4;/;52,6;57,9;232,1;-;40,2;547,1
08311;      Freiburg im Breisgau, Stadtkreis;/;/;/;-;/;/;/;-;-;/
08315;      Breisgau-Hochschwarzwald, Landkreis;80,5;/;/;/;/;/;473,2;/;/;535,8
08316;      Emmendingen, Landkreis;75,4;/;/;/;/;/;/;-;/;/
08317;      Ortenaukreis, Landkreis;70,5;/;61,3;/;60,1;/;/;/;/;/
08325;      Rottweil, Landkreis;67,5;/;76,5;49,4;/;/;/;/;28,1;479,5
08326;      Schwarzwald-Baar-Kreis, Landkreis;/;/;/;/;/;/;/;/;/;/
08327;      Tuttlingen, Landkreis;66,3;/;/;37,5;39;/;/;/;/;451,3
08335;      Konstanz, Landkreis;51,6;/;/;/;/;/;/;/;/;390,7
08336;      Lörrach, Landkreis;/;/;/;/;/;/;/;/;/;/
08337;      Waldshut, Landkreis;47,6;/;54,6;46,9;/;54;/;/;/;382,2
08415;      Reutlingen, Landkreis;53,9;/;75,3;38,5;36,3;63,9;371,1;/;/;410,2
08416;      Tübingen, Landkreis;57,6;/;74,8;53,7;36,1;/;/;/;40,8;/
08417;      Zollernalbkreis, Landkreis;52,1;/;46;/;45,9;52,1;/;-;/;456,9
08421;      Ulm, Stadtkreis;/;/;/;/;/;/;/;-;/;/
08425;      Alb-Donau-Kreis, Landkreis;68,7;/;71,5;54,9;44,6;64,7;/;763,9;35,8;474,2
08426;      Biberach, Landkreis;70,4;/;69,5;52,2;65,7;67,6;/;/;36,1;444
08435;      Bodenseekreis, Landkreis;80,1;/;75;/;/;/;/;/;/;/
08436;      Ravensburg, Landkreis;75,8;38,9;75;/;/;/;/;/;/;455,9
08437;      Sigmaringen, Landkreis;70,1;/;73,3;58,5;57,5;72,2;/;/;32,6;488,3
2020;;;;;;;;;;;
08111;      Stuttgart, Stadtkreis;/;/;/;/;/;/;/;654,6;/;/
08115;      Böblingen, Landkreis;85,6;/;29,7;70,8;/;/;/;/;44,6;/
08116;      Esslingen, Landkreis;86,4;/;71,5;/;/;/;/;/;/;417
08117;      Göppingen, Landkreis;81,8;/;69,4;/;/;/;/;/;/;431,4
08118;      Ludwigsburg, Landkreis;75,1;/;60;52,2;51,4;/;274,4;645,9;/;416,1
08119;      Rems-Murr-Kreis, Landkreis;71,5;/;61;59,7;54,3;65,6;347,3;590,7;/;465,8
08121;      Heilbronn, Stadtkreis;/;/;/;/;/;-;/;/;/;/
08125;      Heilbronn, Landkreis;81,7;/;60,3;60,9;/;/;337;630,6;45,4;394,2
08126;      Hohenlohekreis, Landkreis;75,5;/;54,9;53,7;48,3;/;/;674,1;41,6;395,4
08127;      Schwäbisch Hall, Landkreis;88,8;/;57,5;73,5;/;72,7;/;/;44,1;495,2
08128;      Main-Tauber-Kreis, Landkreis;69,5;52,5;41,8;56,8;40,1;52,5;205,2;732,1;41,2;386,5
08135;      Heidenheim, Landkreis;69;/;/;/;/;/;/;/;/;505,5
08136;      Ostalbkreis, Landkreis;82,9;/;61;58,9;42,3;/;/;/;41,5;519,6
08211;      Baden-Baden, Stadtkreis;/;/;/;/;-;-;/;-;-;/
08212;      Karlsruhe, Stadtkreis;/;/;/;/;/;/;/;/;-;/
08215;      Karlsruhe, Landkreis;69;50,1;50;49,7;32,4;/;389;563,7;31,6;/
08216;      Rastatt, Landkreis;73,8;/;/;/;/;/;/;/;/;/
08221;      Heidelberg, Stadtkreis;/;-;/;/;/;/;/;/;/;/
08222;      Mannheim, Stadtkreis;/;/;/;/;/;/;/;/;/;/
08225;      Neckar-Odenwald-Kreis, Landkreis;68,6;/;51;50,9;39,9;53,6;/;714,9;39,2;391,7
08226;      Rhein-Neckar-Kreis, Landkreis;82,8;62,2;59,8;50;43,3;/;/;769,4;36,7;505,7
08231;      Pforzheim, Stadtkreis;/;/;/;/;/;/;/;-;-;/
08235;      Calw, Landkreis;92,1;/;/;/;48,7;/;/;/;/;/
08236;      Enzkreis, Landkreis;83,7;/;60,4;/;/;/;/;/;39,2;308,9
08237;      Freudenstadt, Landkreis;86,7;/;54,3;53,7;46,3;/;420,3;-;52,7;/
08311;      Freiburg im Breisgau, Stadtkreis;/;/;/;/;/;/;/;-;/;/
08315;      Breisgau-Hochschwarzwald, Landkreis;98,2;/;53,7;51,4;/;/;469,5;/;46,1;249,6
08316;      Emmendingen, Landkreis;78,9;/;/;/;/;74,1;/;/;/;/
08317;      Ortenaukreis, Landkreis;83,4;/;66,6;44,8;51,3;73,9;/;/;/;/
08325;      Rottweil, Landkreis;82,3;/;62,9;68,4;51,5;/;/;/;43,6;453,6
08326;      Schwarzwald-Baar-Kreis, Landkreis;88,1;/;61,5;/;/;/;/;/;/;343,2
08327;      Tuttlingen, Landkreis;78,6;/;76,9;55,5;/;/;/;/;/;438,4
08335;      Konstanz, Landkreis;68,7;/;/;/;/;/;/;/;/;406
08336;      Lörrach, Landkreis;/;/;/;/;/;/;/;/;/;/
08337;      Waldshut, Landkreis;87,5;/;67,7;59,3;48,2;84,6;/;/;/;455
08415;      Reutlingen, Landkreis;69,4;/;62,3;54;50,6;76,5;206,9;/;36,9;350,3
08416;      Tübingen, Landkreis;80,7;/;53,7;59,4;57,2;/;/;/;45,1;/
08417;      Zollernalbkreis, Landkreis;63,1;/;52,3;57,4;50,7;59,6;/;-;/;434,1
08421;      Ulm, Stadtkreis;/;/;/;/;/;/;/;/;/;/
08425;      Alb-Donau-Kreis, Landkreis;85,7;/;69,5;69,2;/;95,5;/;804,6;44,2;469,5
08426;      Biberach, Landkreis;92,7;/;73,5;70,4;76,4;74,2;/;/;45,8;524,3
08435;      Bodenseekreis, Landkreis;91,6;/;72,1;/;/;/;/;/;/;/
08436;      Ravensburg, Landkreis;92,6;/;79,7;/;56,6;77,5;/;/;/;478,2
08437;      Sigmaringen, Landkreis;91,2;/;75,1;77,1;70;/;/;/;39,5;455
2019;;;;;;;;;;;
08111;      Stuttgart, Stadtkreis;/;/;/;/;/;/;386,8;829,2;/;/
08115;      Böblingen, Landkreis;83,3;/;69,2;67,5;/;/;/;865,8;41,5;/
08116;      Esslingen, Landkreis;79,4;/;69,3;/;/;/;/;/;/;531
08117;      Göppingen, Landkreis;79;/;79,1;/;/;/;/;/;/;525,2
08118;      Ludwigsburg, Landkreis;76;/;80,9;66,7;51,8;/;313,5;782,6;/;488,5
08119;      Rems-Murr-Kreis, Landkreis;75,5;/;70,6;/;48,7;72,6;394,8;813,6;35,1;483,6
08121;      Heilbronn, Stadtkreis;/;/;-;/;/;-;/;/;/;/
08125;      Heilbronn, Landkreis;79,1;/;78,7;70,9;/;/;352,6;846,3;33,6;487
08126;      Hohenlohekreis, Landkreis;74,9;/;74,9;52,6;52,9;/;/;823,8;35,4;469,1
08127;      Schwäbisch Hall, Landkreis;82,5;/;77,3;74,4;/;75,8;/;778;41,7;477,8
08128;      Main-Tauber-Kreis, Landkreis;68,5;57,4;65,9;58,8;53,2;66,3;194,5;777,5;37,2;488,3
08135;      Heidenheim, Landkreis;63,3;/;/;/;/;/;/;/;/;459,5
08136;      Ostalbkreis, Landkreis;77,7;/;70,6;50;32,7;/;/;/;38,1;475,7
08211;      Baden-Baden, Stadtkreis;/;/;/;/;/;/;/;-;-;-
08212;      Karlsruhe, Stadtkreis;/;/;/;/;/;/;/;/;-;-
08215;      Karlsruhe, Landkreis;71,7;59,7;71,9;60,1;44,8;/;507,8;761,9;29,4;/
08216;      Rastatt, Landkreis;72,4;/;/;/;/;/;/;-;/;/
08221;      Heidelberg, Stadtkreis;/;-;/;/;/;-;/;/;/;/
08222;      Mannheim, Stadtkreis;/;/;/;/;/;-;/;/;/;/
08225;      Neckar-Odenwald-Kreis, Landkreis;70,1;/;68,9;52,6;49,1;70;/;774,1;36;435,1
08226;      Rhein-Neckar-Kreis, Landkreis;77,8;56,5;72,4;63,4;40,5;/;/;794,2;32,7;502,4
08231;      Pforzheim, Stadtkreis;/;/;/;-;/;/;/;-;-;/
08235;      Calw, Landkreis;/;/;/;72,2;/;/;/;/;/;/
08236;      Enzkreis, Landkreis;76,7;50,3;77,5;/;/;/;/;/;31,1;488,4
08237;      Freudenstadt, Landkreis;85,5;/;79,1;47,2;49,7;78,6;313,6;-;41,3;592
08311;      Freiburg im Breisgau, Stadtkreis;/;/;-;/;/;/;/;-;/;/
08315;      Breisgau-Hochschwarzwald, Landkreis;87,6;/;79,6;61,5;/;/;498,4;-;40,4;/
08316;      Emmendingen, Landkreis;80,7;/;/;/;/;/;/;-;/;/
08317;      Ortenaukreis, Landkreis;80,4;/;75,3;58;/;65,4;/;/;/;321,7
08325;      Rottweil, Landkreis;73,7;/;78,8;53,2;48,6;78,5;/;-;42;485,6
08326;      Schwarzwald-Baar-Kreis, Landkreis;73,1;/;70,1;/;/;/;/;/;/;422,4
08327;      Tuttlingen, Landkreis;81,7;/;74,9;40,2;37,1;/;/;-;/;/
08335;      Konstanz, Landkreis;62,4;/;/;/;/;/;/;/;/;454,6
08336;      Lörrach, Landkreis;/;/;/;/;/;/;/;/;/;/
08337;      Waldshut, Landkreis;82,2;/;72,4;57,6;44;79,3;/;/;/;489,6
08415;      Reutlingen, Landkreis;63,8;/;71,9;45;44,8;65,2;214,4;/;32,5;438,7
08416;      Tübingen, Landkreis;73,6;66,5;81,8;69,3;55,8;/;/;/;44,2;/
08417;      Zollernalbkreis, Landkreis;59,4;/;70;54,1;43,3;62,9;/;-;/;478,5
08421;      Ulm, Stadtkreis;/;/;/;/;/;/;/;-;/;/
08425;      Alb-Donau-Kreis, Landkreis;76,4;/;74,9;59,4;46,8;82,8;/;741,5;38,3;504,9
08426;      Biberach, Landkreis;83,2;/;76,4;62,2;60,5;76,5;/;/;37,1;511,8
08435;      Bodenseekreis, Landkreis;85;/;70;/;/;/;/;/;/;/
08436;      Ravensburg, Landkreis;77,2;/;69,5;49,8;47,7;68,9;/;/;/;483,7
08437;      Sigmaringen, Landkreis;82,9;/;80,2;65,5;53,4;/;/;/;34,2;394,5
2018;;;;;;;;;;;
08111;      Stuttgart, Stadtkreis;78,9;-;/;/;/;/;354,5;646,7;/;/
08115;      Böblingen, Landkreis;86;/;66,9;70,4;/;/;/;/;41,7;/
08116;      Esslingen, Landkreis;73,4;/;65,7;/;72,8;/;/;/;/;370,4
08117;      Göppingen, Landkreis;79,8;/;74,1;/;/;/;/;/;/;475,8
08118;      Ludwigsburg, Landkreis;69,7;/;70,6;64,1;60;/;297,8;574,4;/;393,9
08119;      Rems-Murr-Kreis, Landkreis;69,6;/;59,2;49,9;60,1;60,3;318,7;/;40,2;444,2
08121;      Heilbronn, Stadtkreis;/;/;-;/;/;/;/;/;/;/
08125;      Heilbronn, Landkreis;74,5;/;75;64,1;/;/;391,1;612,6;36,9;440,5
08126;      Hohenlohekreis, Landkreis;68,7;/;65,6;48,7;40,5;57,2;/;628,1;37,3;397,4
08127;      Schwäbisch Hall, Landkreis;74,4;/;64,2;58,2;55,2;73,9;/;/;37,8;457,9
08128;      Main-Tauber-Kreis, Landkreis;66,4;68,1;63,1;55,4;54,2;55,4;139,2;583,4;31,8;427,3
08135;      Heidenheim, Landkreis;76,5;/;/;/;/;/;/;/;/;377,1
08136;      Ostalbkreis, Landkreis;79;/;68,4;42,8;46,4;/;/;/;43,7;402,3
08211;      Baden-Baden, Stadtkreis;/;/;/;/;/;/;/;-;-;/
08212;      Karlsruhe, Stadtkreis;/;/;/;/;/;/;/;-;-;/
08215;      Karlsruhe, Landkreis;66,9;57;65,5;57;56;/;416,3;570,8;34,2;/
08216;      Rastatt, Landkreis;67;/;/;/;/;/;/;-;/;/
08221;      Heidelberg, Stadtkreis;/;/;/;/;/;/;/;/;/;/
08222;      Mannheim, Stadtkreis;/;/;/;/;/;-;/;/;/;/
08225;      Neckar-Odenwald-Kreis, Landkreis;63,8;/;61,2;52;50,8;52,9;/;462,8;32,5;397,6
08226;      Rhein-Neckar-Kreis, Landkreis;76,1;/;68,4;61,1;47,9;/;/;631;36,9;415,9
08231;      Pforzheim, Stadtkreis;/;-;/;-;/;/;-;-;-;/
08235;      Calw, Landkreis;83,1;/;/;/;/;/;360,5;/;/;/
08236;      Enzkreis, Landkreis;80,4;/;71,7;/;/;/;/;/;42;/
08237;      Freudenstadt, Landkreis;84,5;/;72;/;39,1;/;310,2;-;43,9;525,2
08311;      Freiburg im Breisgau, Stadtkreis;/;/;/;/;/;/;/;-;/;/
08315;      Breisgau-Hochschwarzwald, Landkreis;82,2;/;66,6;59,3;/;/;404,2;-;37,9;287,8
08316;      Emmendingen, Landkreis;86,3;/;/;/;/;/;/;/;-;/
08317;      Ortenaukreis, Landkreis;78,2;/;76,8;/;/;74,8;/;/;/;361,6
08325;      Rottweil, Landkreis;83,9;/;75,6;54,6;52,9;91,7;/;-;44,6;471,6
08326;      Schwarzwald-Baar-Kreis, Landkreis;78,7;/;65,4;/;/;/;/;/;/;/
08327;      Tuttlingen, Landkreis;71,9;/;67,2;51,5;/;/;/;-;/;440,7
08335;      Konstanz, Landkreis;69;/;/;/;/;/;/;/;/;460,7
08336;      Lörrach, Landkreis;/;/;/;/;/;/;/;-;/;/
08337;      Waldshut, Landkreis;78,2;/;68,2;50;53,9;82,3;/;/;/;411,8
08415;      Reutlingen, Landkreis;70,6;/;67,4;52,6;59,9;66,7;272,1;/;38,4;349,3
08416;      Tübingen, Landkreis;85,7;/;77,8;60,5;59,8;/;/;/;46,2;/
08417;      Zollernalbkreis, Landkreis;73,1;/;66,6;46,6;57,7;69,6;/;-;38,5;455
08421;      Ulm, Stadtkreis;/;/;/;/;/;/;/;/;/;/
08425;      Alb-Donau-Kreis, Landkreis;81,3;/;68,3;57,6;/;70,3;379;654,6;41,4;451,6
08426;      Biberach, Landkreis;87,3;/;74,7;59,1;69,2;73,1;/;/;42,1;454,7
08435;      Bodenseekreis, Landkreis;81,2;/;62,6;/;/;/;/;/;/;465,4
08436;      Ravensburg, Landkreis;84,7;/;77,2;/;65,5;81,7;/;/;/;469,2
08437;      Sigmaringen, Landkreis;85,9;/;75,3;67,8;64,7;71;/;/;40,6;443,1
2017;;;;;;;;;;;
08111;      Stuttgart, Stadtkreis;71,6;-;/;/;/;-;/;840,9;-;/
08115;      Böblingen, Landkreis;81,8;/;70,5;66,1;/;/;/;898,8;36,5;/
08116;      Esslingen, Landkreis;74,3;/;72,7;/;/;/;/;-;/;539,2
08117;      Göppingen, Landkreis;82,2;/;75,1;/;/;/;/;/;/;544,2
08118;      Ludwigsburg, Landkreis;68,6;/;76,6;57,5;/;/;405,5;866,4;/;505,9
08119;      Rems-Murr-Kreis, Landkreis;74;/;73,9;69,3;44,2;63,1;414,8;/;/;494,2
08121;      Heilbronn, Stadtkreis;/;-;-;/;/;-;/;/;/;/
08125;      Heilbronn, Landkreis;79,6;/;79,1;65,4;/;/;454,7;918,5;37,5;516,2
08126;      Hohenlohekreis, Landkreis;78,6;/;74,1;54,6;42,5;56,4;/;915,5;40,8;480,2
08127;      Schwäbisch Hall, Landkreis;85,3;/;78,9;68,6;/;79,6;/;/;38,7;471,8
08128;      Main-Tauber-Kreis, Landkreis;72,9;73,5;72,1;57,3;45,6;66,1;330,9;868,8;38,7;523,8
08135;      Heidenheim, Landkreis;59;/;/;/;/;/;/;/;/;510,9
08136;      Ostalbkreis, Landkreis;84,4;/;80,4;50,7;/;/;/;/;40;504
08211;      Baden-Baden, Stadtkreis;/;/;/;/;-;-;/;-;-;-
08212;      Karlsruhe, Stadtkreis;/;/;/;/;/;/;/;-;-;/
08215;      Karlsruhe, Landkreis;65,9;53,7;67,4;56,8;39,9;/;570,1;773,5;38,5;/
08216;      Rastatt, Landkreis;/;/;/;/;/;/;/;-;/;/
08221;      Heidelberg, Stadtkreis;/;-;/;/;-;-;/;/;/;/
08222;      Mannheim, Stadtkreis;/;-;/;/;/;-;/;/;/;/
08225;      Neckar-Odenwald-Kreis, Landkreis;74,7;56,9;66,8;55,8;47,8;66,5;/;944,4;35,3;496,5
08226;      Rhein-Neckar-Kreis, Landkreis;78;/;74;63,1;54,7;/;/;854,5;38,1;577,7
08231;      Pforzheim, Stadtkreis;/;/;/;-;/;/;/;-;-;/
08235;      Calw, Landkreis;80,8;/;/;/;/;/;/;/;/;/
08236;      Enzkreis, Landkreis;77,8;/;74,6;/;/;/;/;/;42,8;433,2
08237;      Freudenstadt, Landkreis;80,4;/;58;/;41,3;/;301,2;-;42,4;352,8
08311;      Freiburg im Breisgau, Stadtkreis;/;/;/;/;/;/;/;-;-;/
08315;      Breisgau-Hochschwarzwald, Landkreis;80;/;71,7;52;/;/;456,1;-;28,1;335,8
08316;      Emmendingen, Landkreis;82,6;/;/;/;/;/;/;-;-;/
08317;      Ortenaukreis, Landkreis;80,4;/;69,5;/;59,4;65,9;/;-;/;342,4
08325;      Rottweil, Landkreis;74,3;/;69,7;44,6;41,3;/;/;-;33,1;506,5
08326;      Schwarzwald-Baar-Kreis, Landkreis;77,1;/;70,1;45,7;/;/;/;/;/;/
08327;      Tuttlingen, Landkreis;71,3;/;/;/;27,8;/;493,9;-;/;542,2
08335;      Konstanz, Landkreis;61,2;/;/;/;/;/;/;/;/;544,6
08336;      Lörrach, Landkreis;/;/;/;/;/;/;/;-;/;/
08337;      Waldshut, Landkreis;77,6;/;72,7;48,4;43,8;72,2;/;/;/;441,9
08415;      Reutlingen, Landkreis;66,4;/;69,3;49,5;39,9;61,5;232,5;/;34,8;350
08416;      Tübingen, Landkreis;80,8;/;/;/;/;/;/;/;/;/
08417;      Zollernalbkreis, Landkreis;67,2;/;72,1;48,6;47,8;/;/;/;34,5;433,1
08421;      Ulm, Stadtkreis;/;/;/;/;-;/;/;-;/;/
08425;      Alb-Donau-Kreis, Landkreis;80,9;/;74,4;52,8;50,4;75,5;420,5;/;39,4;475,4
08426;      Biberach, Landkreis;88,7;/;77,1;55,1;53,2;70,9;/;/;40,4;515,9
08435;      Bodenseekreis, Landkreis;86,8;/;77,2;/;/;/;/;-;/;463,2
08436;      Ravensburg, Landkreis;84,6;/;76,4;/;46,2;76,6;/;/;/;492,2
08437;      Sigmaringen, Landkreis;89,2;/;77,5;59,1;46,4;/;/;/;42,5;468,5
2016;;;;;;;;;;;
08111;      Stuttgart, Stadtkreis;68,6;.;.;.;.;.;463,7;797,9;.;.
08115;      Böblingen, Landkreis;73,6;.;69,3;62,1;.;.;.;751,8;40,1;.
08116;      Esslingen, Landkreis;63,1;.;57,7;.;.;.;.;.;.;426,2
08117;      Göppingen, Landkreis;60,8;.;60,6;.;.;.;.;.;.;469
08118;      Ludwigsburg, Landkreis;67,6;.;62,5;48,8;48,9;.;310,6;768,8;.;458,2
08119;      Rems-Murr-Kreis, Landkreis;61,9;.;59;.;43;50,9;341,9;820,2;38,8;430,1
08121;      Heilbronn, Stadtkreis;.;.;.;.;.;.;.;.;.;.
08125;      Heilbronn, Landkreis;71,1;.;74,8;52;.;.;408,1;830,4;38,1;471,2
08126;      Hohenlohekreis, Landkreis;68,5;.;70,2;40,2;.;57,3;.;754,7;41,2;455,7
08127;      Schwäbisch Hall, Landkreis;76,1;.;71,8;59,1;.;62,5;278,2;.;40,4;432,8
08128;      Main-Tauber-Kreis, Landkreis;66,9;71,2;67,4;50,2;48,1;57;231,2;754,4;37,7;383,1
08135;      Heidenheim, Landkreis;60,2;.;66,4;.;35,7;.;.;.;.;463,5
08136;      Ostalbkreis, Landkreis;67,6;.;70,1;44,9;.;.;.;.;41,8;439,6
08211;      Baden-Baden, Stadtkreis;.;.;.;.;.;.;.;.;.;.
08212;      Karlsruhe, Stadtkreis;.;.;.;.;.;.;.;.;.;.
08215;      Karlsruhe, Landkreis;58,5;53,5;70,1;41,5;43,1;.;...;749,5;36,8;.
08216;      Rastatt, Landkreis;60,3;.;.;.;.;.;.;.;.;.
08221;      Heidelberg, Stadtkreis;.;.;.;.;.;.;.;.;.;.
08222;      Mannheim, Stadtkreis;.;.;.;.;.;.;.;.;.;.
08225;      Neckar-Odenwald-Kreis, Landkreis;63,5;.;63,7;49,4;40,8;50,5;.;.;37,4;439
08226;      Rhein-Neckar-Kreis, Landkreis;61,7;51,1;72,6;50,9;.;.;.;794,2;37,8;484
08231;      Pforzheim, Stadtkreis;.;.;.;.;.;.;.;.;.;.
08235;      Calw, Landkreis;82,7;.;.;70,3;.;.;227,9;.;.;.
08236;      Enzkreis, Landkreis;66,2;.;62,1;.;.;.;.;.;36,3;423,1
08237;      Freudenstadt, Landkreis;78,1;.;70,6;43,8;47,6;57;199,6;.;44,2;429,6
08311;      Freiburg im Breisgau, Stadtkreis;.;.;.;.;.;.;.;.;.;.
08315;      Breisgau-Hochschwarzwald, Landkreis;68,7;.;81,9;.;.;.;433,6;.;40,4;262,9
08316;      Emmendingen, Landkreis;56,2;.;.;.;.;.;.;.;.;.
08317;      Ortenaukreis, Landkreis;54,2;.;57;.;.;35,6;.;.;.;.
08325;      Rottweil, Landkreis;69,5;.;68,2;41,9;41,9;.;.;.;37,1;396,5
08326;      Schwarzwald-Baar-Kreis, Landkreis;67,5;.;66,9;44,2;.;.;.;.;.;.
08327;      Tuttlingen, Landkreis;62,9;.;74,4;28,8;47,1;51,6;.;.;.;450,3
08335;      Konstanz, Landkreis;51,2;.;60,5;.;41,2;.;.;.;36,1;432,3
08336;      Lörrach, Landkreis;.;.;.;.;.;.;.;.;.;.
08337;      Waldshut, Landkreis;60,8;.;63,1;46,9;42,3;53,4;.;.;.;409,3
08415;      Reutlingen, Landkreis;58,7;.;63,3;37,6;49,2;51,9;70,3;.;.;329,1
08416;      Tübingen, Landkreis;68,8;.;76,7;51,4;43,3;.;.;.;44,1;.
08417;      Zollernalbkreis, Landkreis;62,5;.;61,1;42,4;44,1;.;.;.;.;412
08421;      Ulm, Stadtkreis;.;.;.;.;.;.;.;.;.;.
08425;      Alb-Donau-Kreis, Landkreis;71,1;.;67,7;56,8;48,4;61,9;464,9;651,9;38,7;480,1
08426;      Biberach, Landkreis;64,7;.;64,1;44,7;51;43;.;.;38,2;434,7
08435;      Bodenseekreis, Landkreis;61,4;.;69,4;.;.;.;.;.;.;.
08436;      Ravensburg, Landkreis;65,9;.;64,3;47,5;.;55,6;.;.;.;384,6
08437;      Sigmaringen, Landkreis;62,7;.;66;49,6;47,4;.;.;.;38,6;443,3
2015;;;;;;;;;;;
08111;      Stuttgart, Stadtkreis;.;.;.;.;.;.;.;.;.;.
08115;      Böblingen, Landkreis;87,2;.;72,1;63,6;.;.;.;716,2;42,6;.
08116;      Esslingen, Landkreis;79,7;.;65,6;.;.;.;.;.;.;368,7
08117;      Göppingen, Landkreis;79,9;.;76,1;.;.;68,8;.;.;.;460,3
08118;      Ludwigsburg, Landkreis;81,4;.;70,7;60,5;48,7;.;344,3;672,7;.;417,7
08119;      Rems-Murr-Kreis, Landkreis;72,8;.;70,2;57,5;41,5;69,2;386,1;735,1;.;398,8
08121;      Heilbronn, Stadtkreis;.;.;.;.;.;.;.;.;.;.
08125;      Heilbronn, Landkreis;85,2;.;74,5;67,5;.;.;.;720,9;45,4;410,6
08126;      Hohenlohekreis, Landkreis;81,2;.;67,7;55,5;46,9;72,4;.;629,6;41,2;394,4
08127;      Schwäbisch Hall, Landkreis;83,9;.;72,7;61,6;45,4;76,5;.;.;40,7;390,2
08128;      Main-Tauber-Kreis, Landkreis;64,8;54,1;57,4;49,9;40,9;53,2;194,2;574,8;40,1;321,4
08135;      Heidenheim, Landkreis;68,8;.;69,4;.;.;.;.;.;.;.
08136;      Ostalbkreis, Landkreis;85,2;.;73,8;51,3;.;.;.;.;47,7;399,9
08211;      Baden-Baden, Stadtkreis;.;.;.;.;.;.;.;.;.;.
08212;      Karlsruhe, Stadtkreis;.;.;.;.;.;.;.;.;.;.
08215;      Karlsruhe, Landkreis;75,4;53,8;63,1;58,3;42,3;.;.;681,1;42;.
08216;      Rastatt, Landkreis;.;.;.;.;.;.;.;.;.;.
08221;      Heidelberg, Stadtkreis;.;.;.;.;.;.;.;.;.;.
08222;      Mannheim, Stadtkreis;.;.;.;.;.;.;.;.;.;.
08225;      Neckar-Odenwald-Kreis, Landkreis;71,4;.;60;47,2;46,4;67,4;.;.;37,1;371,8
08226;      Rhein-Neckar-Kreis, Landkreis;72,8;53,9;64,8;53,1;38,8;.;.;733,7;38,2;432,1
08231;      Pforzheim, Stadtkreis;.;.;.;.;.;.;.;.;.;.
08235;      Calw, Landkreis;82;.;.;.;.;.;244;.;.;.
08236;      Enzkreis, Landkreis;83;.;70,5;53,5;51,3;.;.;.;45,2;426,5
08237;      Freudenstadt, Landkreis;75,7;.;70,2;45,5;48,7;.;.;.;42,6;361,5
08311;      Freiburg im Breisgau, Stadtkreis;.;.;.;.;.;.;.;.;.;.
08315;      Breisgau-Hochschwarzwald, Landkreis;90,3;.;78,4;.;.;.;389,7;.;.;.
08316;      Emmendingen, Landkreis;.;.;.;.;.;.;.;.;.;.
08317;      Ortenaukreis, Landkreis;86;.;72,6;.;.;70;.;.;.;.
08325;      Rottweil, Landkreis;70,5;.;62,9;36,6;49,6;71;.;.;37,6;349,4
08326;      Schwarzwald-Baar-Kreis, Landkreis;78,3;.;71,3;45,7;.;64,7;.;.;.;.
08327;      Tuttlingen, Landkreis;65;.;65,2;36,9;40,4;.;.;.;.;.
08335;      Konstanz, Landkreis;.;.;.;.;.;.;.;.;.;416,1
08336;      Lörrach, Landkreis;.;.;.;.;.;.;.;.;.;.
08337;      Waldshut, Landkreis;81,1;.;65,5;48,9;43,6;77,8;.;.;.;410,2
08415;      Reutlingen, Landkreis;59,2;.;59,7;45,6;46,2;61,4;154;.;.;314,8
08416;      Tübingen, Landkreis;74,7;.;.;59,8;.;.;.;.;45,7;.
08417;      Zollernalbkreis, Landkreis;60,5;.;62,8;52,9;41,5;.;.;.;.;334,6
08421;      Ulm, Stadtkreis;.;.;.;.;.;.;.;.;.;.
08425;      Alb-Donau-Kreis, Landkreis;79,5;.;67,8;56,1;.;76,7;385,6;.;40;381,3
08426;      Biberach, Landkreis;85,8;.;72,5;49,7;55,1;81,4;.;.;37,3;409,3
08435;      Bodenseekreis, Landkreis;81,7;.;65,1;.;.;.;.;.;.;.
08436;      Ravensburg, Landkreis;78,7;.;71,9;.;.;76,7;.;.;.;445,4
08437;      Sigmaringen, Landkreis;80,1;.;72,4;51,6;53,5;.;.;.;39,7;391,5
2014;;;;;;;;;;;
08111;      Stuttgart, Stadtkreis;.;.;.;.;.;.;.;.;.;.
08115;      Böblingen, Landkreis;92,3;.;78,7;70,4;.;.;.;890,6;48,1;.
08116;      Esslingen, Landkreis;75,5;.;72,3;66,8;.;.;.;.;.;472,8
08117;      Göppingen, Landkreis;79,6;.;79,5;.;.;.;.;.;.;485,9
08118;      Ludwigsburg, Landkreis;82,1;.;79,4;48,1;49,5;.;332,1;835,5;52,4;541,3
08119;      Rems-Murr-Kreis, Landkreis;74,1;.;68,6;57,4;47,3;60,7;377,3;.;46,3;497,6
08121;      Heilbronn, Stadtkreis;.;.;.;.;.;.;.;.;.;.
08125;      Heilbronn, Landkreis;85,5;.;77,1;62,9;.;.;483,4;894,2;47,8;533
08126;      Hohenlohekreis, Landkreis;88,8;.;78,5;61,1;40,9;78,5;.;909,2;49;489
08127;      Schwäbisch Hall, Landkreis;90,4;.;80,6;60,2;60,8;82,2;.;.;48,3;502,2
08128;      Main-Tauber-Kreis, Landkreis;80;63;72,5;56,4;40,7;70,2;260,4;909,1;44,2;488,4
08135;      Heidenheim, Landkreis;75;.;.;.;.;.;.;.;.;.
08136;      Ostalbkreis, Landkreis;87,1;.;80,1;69,3;39,4;74,2;.;.;50,3;471,1
08211;      Baden-Baden, Stadtkreis;.;.;.;.;.;.;.;.;.;.
08212;      Karlsruhe, Stadtkreis;.;.;.;.;.;.;.;.;.;.
08215;      Karlsruhe, Landkreis;78,6;45,6;73,5;54,6;40,7;.;.;861,2;47,2;.
08216;      Rastatt, Landkreis;.;.;.;.;.;.;.;.;.;.
08221;      Heidelberg, Stadtkreis;.;.;.;.;.;.;.;.;.;.
08222;      Mannheim, Stadtkreis;.;.;.;.;.;.;.;.;.;.
08225;      Neckar-Odenwald-Kreis, Landkreis;80,6;.;65,6;55,8;51,1;.;267,1;813,3;42,1;452,9
08226;      Rhein-Neckar-Kreis, Landkreis;72,9;46;67;57,1;39,9;.;.;890,2;42,2;454,1
08231;      Pforzheim, Stadtkreis;.;.;.;.;.;.;.;.;.;.
08235;      Calw, Landkreis;90,4;.;74,2;60,9;50;.;.;.;.;.
08236;      Enzkreis, Landkreis;70,8;.;70,4;.;.;.;.;.;51,8;575,8
08237;      Freudenstadt, Landkreis;96;.;80,1;58,8;50,5;.;.;.;48,3;532,3
08311;      Freiburg im Breisgau, Stadtkreis;.;.;.;.;.;.;.;.;.;.
08315;      Breisgau-Hochschwarzwald, Landkreis;95,1;.;.;60,3;.;.;508,4;.;.;.
08316;      Emmendingen, Landkreis;81,1;.;.;.;.;.;.;.;.;.
08317;      Ortenaukreis, Landkreis;83,6;.;64,8;.;.;72,3;.;.;.;.
08325;      Rottweil, Landkreis;86,1;.;72,3;55,3;57;72,8;.;.;47,4;484,3
08326;      Schwarzwald-Baar-Kreis, Landkreis;90,6;.;82,1;47,2;50,3;77,8;.;.;.;391,7
08327;      Tuttlingen, Landkreis;77,6;.;81,1;57;50,8;64,2;.;.;.;504,4
08335;      Konstanz, Landkreis;76,3;.;67,1;64,2;52,7;.;.;.;.;414,2
08336;      Lörrach, Landkreis;.;.;.;.;.;.;.;.;.;.
08337;      Waldshut, Landkreis;71,1;.;70,9;61,5;52,9;78,8;.;.;.;502
08415;      Reutlingen, Landkreis;71,9;.;76,9;63,5;59;63,8;293,9;.;.;.
08416;      Tübingen, Landkreis;82,7;.;.;.;.;.;.;.;46,9;.
08417;      Zollernalbkreis, Landkreis;79;.;79;60,7;57,2;.;.;.;.;456,4
08421;      Ulm, Stadtkreis;.;.;.;.;.;.;.;.;.;.
08425;      Alb-Donau-Kreis, Landkreis;85,6;.;76,8;63,5;54,4;87,5;.;.;51;485,6
08426;      Biberach, Landkreis;94,2;.;84,3;64,5;63,3;87,4;.;.;51;487,2
08435;      Bodenseekreis, Landkreis;.;.;78,6;.;.;.;.;.;.;.
08436;      Ravensburg, Landkreis;91,8;.;73,7;.;.;.;.;.;.;470,7
08437;      Sigmaringen, Landkreis;91,2;.;80,7;71,2;59,2;.;.;.;48,7;523
2013;;;;;;;;;;;
08111;      Stuttgart, Stadtkreis;.;.;.;.;.;.;.;.;.;.
08115;      Böblingen, Landkreis;83,8;.;75,3;64,7;.;.;.;745,4;41,9;.
08116;      Esslingen, Landkreis;56;.;.;48,4;.;.;.;.;.;430,5
08117;      Göppingen, Landkreis;64,5;.;63,9;.;.;.;.;.;.;509,6
08118;      Ludwigsburg, Landkreis;80,4;.;77,1;65,8;46,2;.;381,2;741,2;33,4;464
08119;      Rems-Murr-Kreis, Landkreis;75,1;.;64;59,8;47,5;71,6;376,5;.;37,7;404,3
08121;      Heilbronn, Stadtkreis;.;.;.;.;.;.;.;.;.;.
08125;      Heilbronn, Landkreis;82,4;.;77;70,5;52,9;.;419,2;798,7;39,7;462,3
08126;      Hohenlohekreis, Landkreis;80,4;.;71,1;57,8;53,1;75,3;.;737,2;34,7;449,8
08127;      Schwäbisch Hall, Landkreis;79,4;.;70,3;54,6;57,8;85,1;.;.;37,9;384
08128;      Main-Tauber-Kreis, Landkreis;71,9;66,7;64,4;57,3;35,1;69,1;234,2;726,3;37,2;350,5
08135;      Heidenheim, Landkreis;68,2;.;66,4;57;.;.;.;.;.;.
08136;      Ostalbkreis, Landkreis;80,1;.;71,5;58,9;.;.;.;.;41,2;405,3
08211;      Baden-Baden, Stadtkreis;.;.;.;.;.;.;.;.;.;.
08212;      Karlsruhe, Stadtkreis;.;.;.;.;.;.;.;.;.;.
08215;      Karlsruhe, Landkreis;74,6;57,2;65,2;56,6;48,4;.;.;701,4;36,1;.
08216;      Rastatt, Landkreis;.;.;.;.;.;.;.;.;.;.
08221;      Heidelberg, Stadtkreis;.;.;.;.;.;.;.;.;.;.
08222;      Mannheim, Stadtkreis;.;.;.;.;.;.;.;.;.;.
08225;      Neckar-Odenwald-Kreis, Landkreis;72,8;59,3;64,6;53,5;46,3;61,6;.;.;36,1;439,5
08226;      Rhein-Neckar-Kreis, Landkreis;69,1;53,7;64,7;55;37,1;.;392,9;762,2;29,9;412,6
08231;      Pforzheim, Stadtkreis;.;.;.;.;.;.;.;.;.;.
08235;      Calw, Landkreis;81,6;.;63,7;60,3;48,3;.;378,8;.;.;.
08236;      Enzkreis, Landkreis;73,5;.;68,3;48,4;.;.;.;.;36,9;421,1
08237;      Freudenstadt, Landkreis;68,8;.;76,9;46,3;48,1;.;235,2;.;41,7;343,9
08311;      Freiburg im Breisgau, Stadtkreis;.;.;.;.;.;.;.;.;.;.
08315;      Breisgau-Hochschwarzwald, Landkreis;84;.;75,9;60,9;.;.;.;.;41,1;.
08316;      Emmendingen, Landkreis;82,2;.;.;.;.;.;.;.;.;.
08317;      Ortenaukreis, Landkreis;75,2;.;57,6;.;55,5;69,3;.;.;.;407,4
08325;      Rottweil, Landkreis;62,1;.;63,7;36,8;39,7;63,7;.;.;35,4;381,7
08326;      Schwarzwald-Baar-Kreis, Landkreis;74,8;.;69,2;.;43,2;66,5;.;.;.;.
08327;      Tuttlingen, Landkreis;61,2;.;65,8;42,2;39,7;.;.;.;.;417,4
08335;      Konstanz, Landkreis;60,1;.;59,2;58,9;.;.;.;.;.;468,8
08336;      Lörrach, Landkreis;.;.;.;.;.;.;.;.;.;.
08337;      Waldshut, Landkreis;73,3;.;69,9;43;46,5;74,3;.;.;.;405,9
08415;      Reutlingen, Landkreis;55,1;.;55;43,9;51;67,3;203,3;.;28,8;358,5
08416;      Tübingen, Landkreis;55,1;.;.;.;.;.;.;.;.;.
08417;      Zollernalbkreis, Landkreis;49,6;.;54;55,1;35,9;.;.;.;.;362,2
08421;      Ulm, Stadtkreis;.;.;.;.;.;.;.;.;.;.
08425;      Alb-Donau-Kreis, Landkreis;79,7;.;71,3;58,7;52,9;82,9;256,5;.;40,4;417,9
08426;      Biberach, Landkreis;82,7;.;72,1;54,3;46,5;86,1;.;.;38,5;462,9
08435;      Bodenseekreis, Landkreis;73,7;.;62,8;49,6;.;.;.;.;.;.
08436;      Ravensburg, Landkreis;84,5;.;66,8;.;.;.;.;.;.;383,9
08437;      Sigmaringen, Landkreis;80,2;.;72,8;51,8;52,1;.;.;.;39;433,5
2012;;;;;;;;;;;
08111;      Stuttgart, Stadtkreis;.;.;.;.;.;.;.;.;.;.
08115;      Böblingen, Landkreis;77,7;.;66,1;69,2;.;.;426,1;801,4;37,6;.
08116;      Esslingen, Landkreis;61,7;.;64,6;.;52,3;.;.;.;.;451,5
08117;      Göppingen, Landkreis;68,8;.;72;.;.;.;.;.;.;536,1
08118;      Ludwigsburg, Landkreis;69,4;.;66,1;62,9;58,4;.;424,2;759,9;24,9;537,7
08119;      Rems-Murr-Kreis, Landkreis;61,7;.;55;57,8;53,8;52,6;378,2;818,8;24;515,7
08121;      Heilbronn, Stadtkreis;.;.;.;.;.;.;.;.;.;.
08125;      Heilbronn, Landkreis;67,1;.;58,3;69,2;55,6;.;446,2;683,6;36,7;469,5
08126;      Hohenlohekreis, Landkreis;57,6;.;52,3;65,2;63,7;55,9;.;708,6;25,6;538,7
08127;      Schwäbisch Hall, Landkreis;61,6;.;58,5;71,1;63,8;62,3;310;.;29,8;470,5
08128;      Main-Tauber-Kreis, Landkreis;49,1;53,3;27,3;53,6;42,8;41,3;314,4;739,4;22;462,5
08135;      Heidenheim, Landkreis;74,3;.;66,6;64,3;.;.;.;.;.;.
08136;      Ostalbkreis, Landkreis;77;.;66;69,2;59,1;69,5;.;.;36,3;519,5
08211;      Baden-Baden, Stadtkreis;.;.;.;.;.;.;.;.;.;.
08212;      Karlsruhe, Stadtkreis;.;.;.;.;.;.;.;.;.;.
08215;      Karlsruhe, Landkreis;70,1;50,8;59,8;60,9;51;.;.;699,7;35;.
08216;      Rastatt, Landkreis;.;.;.;.;.;.;.;.;.;.
08221;      Heidelberg, Stadtkreis;.;.;.;.;.;.;.;.;.;.
08222;      Mannheim, Stadtkreis;.;.;.;.;.;.;.;.;.;.
08225;      Neckar-Odenwald-Kreis, Landkreis;55,2;.;42,1;65,1;54,8;42,1;.;700,5;26,3;376,3
08226;      Rhein-Neckar-Kreis, Landkreis;68,9;46,3;66,1;60,1;44,5;.;475,6;731,1;33,2;436,2
08231;      Pforzheim, Stadtkreis;.;.;.;.;.;.;.;.;.;.
08235;      Calw, Landkreis;69,6;.;54,4;68,4;51,8;.;.;.;.;.
08236;      Enzkreis, Landkreis;73,8;.;69,2;62,8;.;.;.;.;34,6;514,3
08237;      Freudenstadt, Landkreis;78,9;.;62,8;64,8;60,3;.;245,8;.;37,4;502
08311;      Freiburg im Breisgau, Stadtkreis;.;.;.;.;.;.;.;.;.;.
08315;      Breisgau-Hochschwarzwald, Landkreis;79,8;.;65,4;65,4;.;.;.;.;.;.
08316;      Emmendingen, Landkreis;71,1;.;.;.;.;.;.;.;.;.
08317;      Ortenaukreis, Landkreis;71,2;.;61;.;56,5;66;.;.;.;.
08325;      Rottweil, Landkreis;74,4;.;70;65,1;62,2;71,5;.;.;.;470,8
08326;      Schwarzwald-Baar-Kreis, Landkreis;74,7;.;68,5;62;54,1;64,1;.;.;.;.
08327;      Tuttlingen, Landkreis;72,3;.;69,4;55,8;60,9;51,3;.;.;40,8;451,7
08335;      Konstanz, Landkreis;68,4;.;61,2;61,8;.;.;.;.;34,5;565,8
08336;      Lörrach, Landkreis;.;.;.;.;.;.;.;.;.;.
08337;      Waldshut, Landkreis;66,4;.;59;55,8;45,6;63,9;.;.;.;509,3
08415;      Reutlingen, Landkreis;62,9;.;58,2;53,8;58,2;73;274,9;.;38,9;415,5
08416;      Tübingen, Landkreis;65,4;.;.;65,5;58,3;.;.;.;36,7;.
08417;      Zollernalbkreis, Landkreis;63,2;.;56,5;.;55,1;52,2;.;.;37,2;487,4
08421;      Ulm, Stadtkreis;.;.;.;.;.;.;.;.;.;.
08425;      Alb-Donau-Kreis, Landkreis;76;.;72,2;68,7;63,5;77,5;558,8;793,3;41,9;502,7
08426;      Biberach, Landkreis;78,7;.;74,3;66,9;61,6;77,8;.;.;40,8;440,6
08435;      Bodenseekreis, Landkreis;76,8;.;66,4;.;.;.;.;.;.;.
08436;      Ravensburg, Landkreis;76,5;.;72,3;64,3;.;.;.;.;.;458,9
08437;      Sigmaringen, Landkreis;79,9;.;71,3;64,2;63,7;71,3;278;.;39,5;411,5
2011;;;;;;;;;;;
08111;      Stuttgart, Stadtkreis;.;.;.;.;.;.;.;.;.;.
08115;      Böblingen, Landkreis;82,6;.;69,3;61,5;.;.;486,2;813;29,4;493,4
08116;      Esslingen, Landkreis;67,9;.;63,4;58,5;57,7;.;445,6;.;36,3;513,6
08117;      Göppingen, Landkreis;81,3;.;71,4;.;.;77,3;.;.;.;.
08118;      Ludwigsburg, Landkreis;75,6;.;63,9;51,9;48,3;.;353,8;841,9;37,9;520
08119;      Rems-Murr-Kreis, Landkreis;65,4;.;59,4;50,4;49,2;53,8;419,2;824,3;.;508
08121;      Heilbronn, Stadtkreis;.;.;.;.;.;.;.;.;.;.
08125;      Heilbronn, Landkreis;71,9;.;65,5;50,6;49,2;68,7;454,7;802,4;31;480,8
08126;      Hohenlohekreis, Landkreis;60,7;.;58,4;38;45,7;.;.;844,7;17,4;519,3
08127;      Schwäbisch Hall, Landkreis;78,6;.;66,3;56;55,8;77,5;.;.;25,9;429,1
08128;      Main-Tauber-Kreis, Landkreis;54,8;45,2;42,1;41,5;43,6;53,3;415,7;774,2;10,7;466,2
08135;      Heidenheim, Landkreis;59,7;.;62,6;47,9;33,3;.;.;.;31,5;.
08136;      Ostalbkreis, Landkreis;71,6;.;59,2;43,4;33,2;70,4;.;.;27,4;476,4
08211;      Baden-Baden, Stadtkreis;.;.;.;.;.;.;.;.;.;.
08212;      Karlsruhe, Stadtkreis;.;.;.;.;.;.;.;.;.;.
08215;      Karlsruhe, Landkreis;62,7;40,3;50,7;45,8;40;.;501,2;735,9;29,6;.
08216;      Rastatt, Landkreis;.;.;.;.;.;.;.;.;.;.
08221;      Heidelberg, Stadtkreis;.;.;.;.;.;.;.;.;.;.
08222;      Mannheim, Stadtkreis;.;.;.;.;.;.;.;.;.;.
08225;      Neckar-Odenwald-Kreis, Landkreis;61,9;.;52,4;44,8;41,8;56,1;441,5;759,3;22,9;471,7
08226;      Rhein-Neckar-Kreis, Landkreis;61,1;38,1;56,9;41,3;37,3;.;374,3;782,1;25,8;485,1
08231;      Pforzheim, Stadtkreis;.;.;.;.;.;.;.;.;.;.
08235;      Calw, Landkreis;88,8;.;.;68,1;.;.;388,1;.;.;.
08236;      Enzkreis, Landkreis;77,4;.;61;53,6;.;.;.;.;32,8;569
08237;      Freudenstadt, Landkreis;84,2;.;63,3;60,7;51,5;.;269;.;37;540,8
08311;      Freiburg im Breisgau, Stadtkreis;.;.;.;.;.;.;.;.;.;.
08315;      Breisgau-Hochschwarzwald, Landkreis;91,9;.;73,2;55,2;.;.;.;.;.;.
08316;      Emmendingen, Landkreis;83;.;.;.;.;.;.;.;.;.
08317;      Ortenaukreis, Landkreis;81,2;.;71,9;.;.;62,8;.;.;.;430,2
08325;      Rottweil, Landkreis;82,8;.;68,6;58;58,6;83,6;.;.;33,6;555,8
08326;      Schwarzwald-Baar-Kreis, Landkreis;83,7;.;73,4;52,7;52,3;72;.;.;.;.
08327;      Tuttlingen, Landkreis;65,3;.;.;36,2;35,5;.;.;.;29;475,6
08335;      Konstanz, Landkreis;42,1;.;56,1;43,9;.;.;.;.;19,5;411,7
08336;      Lörrach, Landkreis;.;.;.;.;.;.;.;.;.;.
08337;      Waldshut, Landkreis;61,6;.;55,4;45,6;24,9;58,2;.;.;.;442,6
08415;      Reutlingen, Landkreis;65,3;.;63,8;53,1;53;67,1;318,5;.;.;414,6
08416;      Tübingen, Landkreis;69,9;.;.;51,7;49,2;.;.;.;35,4;.
08417;      Zollernalbkreis, Landkreis;61,8;.;52,9;40,1;45,9;60,5;.;.;.;447,7
08421;      Ulm, Stadtkreis;.;.;.;.;.;.;.;.;.;.
08425;      Alb-Donau-Kreis, Landkreis;81;.;71,8;62,3;45,6;81,3;410,1;753;34,6;465,8
08426;      Biberach, Landkreis;77,8;.;65,4;58,5;41,4;.;.;.;33,3;515,5
08435;      Bodenseekreis, Landkreis;81,8;.;71,3;.;.;.;.;.;.;.
08436;      Ravensburg, Landkreis;87,8;.;74,9;.;.;.;.;.;.;481,8
08437;      Sigmaringen, Landkreis;74,1;.;67,6;59,2;50,2;.;426;.;32,4;506,3
2010;;;;;;;;;;;
08111;      Stuttgart, Stadtkreis;.;.;.;.;.;.;.;.;.;.
08115;      Böblingen, Landkreis;74,8;65,8;65,1;57,8;56,3;80;348,2;745;39,6;438,9
08116;      Esslingen, Landkreis;67,8;.;64,5;57,3;50,1;68,6;358,2;.;42,1;453,7
08117;      Göppingen, Landkreis;65,2;.;65,4;58,7;55,1;65,1;319,2;.;39,3;450,8
08118;      Ludwigsburg, Landkreis;74;61,1;72,1;62,6;49,3;70,2;408,8;701,7;41,4;478,3
08119;      Rems-Murr-Kreis, Landkreis;64,5;45,4;59,8;52,9;44,3;56,5;357,1;656,9;38,4;424,1
08121;      Heilbronn, Stadtkreis;.;.;.;.;.;.;.;.;.;.
08125;      Heilbronn, Landkreis;73,5;69,2;65,9;66,3;51,2;80,6;373,5;723,3;43;461,7
08126;      Hohenlohekreis, Landkreis;69,2;64,4;66;52,1;52,8;66;258,5;658,3;38,3;456,3
08127;      Schwäbisch Hall, Landkreis;72,9;58,6;68,1;61;52,1;69,5;310,8;616,6;40,4;449,1
08128;      Main-Tauber-Kreis, Landkreis;66,6;63,6;65;52,5;47,2;67,7;332,9;633,6;36,6;418,3
08135;      Heidenheim, Landkreis;63,1;.;65,9;47,2;43,9;71,3;389;.;35,8;479
08136;      Ostalbkreis, Landkreis;66,5;53;60,7;49,5;45,1;63;345,9;.;34,9;453,2
08211;      Baden-Baden, Stadtkreis;.;.;.;-;.;-;.;-;-;.
08212;      Karlsruhe, Stadtkreis;.;.;.;.;.;.;.;-;.;.
08215;      Karlsruhe, Landkreis;65,4;51,2;60,8;59,4;47,5;61;379,5;622,8;44,1;446,1
08216;      Rastatt, Landkreis;69,1;.;59,4;45;45,8;63;361,5;-;44,1;404,6
08221;      Heidelberg, Stadtkreis;.;.;.;.;.;.;.;.;.;.
08222;      Mannheim, Stadtkreis;.;.;.;.;.;.;.;.;.;.
08225;      Neckar-Odenwald-Kreis, Landkreis;63,2;56,4;61,1;46;41,6;62,8;313,3;655,3;37,8;401,9
08226;      Rhein-Neckar-Kreis, Landkreis;71,9;49,8;65,1;58,4;46,5;76,4;320,9;664,5;41,8;426,2
08231;      Pforzheim, Stadtkreis;.;.;.;.;.;.;.;-;.;.
08235;      Calw, Landkreis;63;55,1;62,7;54,8;51,3;63,8;309,2;.;41,2;458,5
08236;      Enzkreis, Landkreis;67,2;57,3;64,5;50,3;45,3;56,6;315,1;.;37,7;438,9
08237;      Freudenstadt, Landkreis;69,1;55,1;70,3;49,2;48,3;.;308,8;-;39,7;526,1
08311;      Freiburg im Breisgau, Stadtkreis;.;.;.;.;.;.;.;-;-;.
08315;      Breisgau-Hochschwarzwald, Landkreis;64,4;55,9;65,4;48,8;48,7;59,9;290;-;40,2;432,8
08316;      Emmendingen, Landkreis;58,3;50,5;.;.;44,7;53,3;.;.;.;.
08317;      Ortenaukreis, Landkreis;70,2;52,9;62,1;57,2;56,8;62,1;318,6;.;40,3;482,1
08325;      Rottweil, Landkreis;70,1;.;66,4;52;51,1;65;351,3;.;38,5;412,2
08326;      Schwarzwald-Baar-Kreis, Landkreis;79,1;.;69,5;59,7;49,7;70,7;.;-;.;.
08327;      Tuttlingen, Landkreis;64,2;.;61,2;48;44,8;53,8;296,6;-;41,9;500,2
08335;      Konstanz, Landkreis;68,1;60,6;62,4;55;51,8;61,6;345,9;-;29,7;462,8
08336;      Lörrach, Landkreis;64,6;.;61,2;.;48;58,3;386;-;.;474
08337;      Waldshut, Landkreis;63,4;55,6;59,3;51,4;45,8;61,1;281,5;-;36;434,6
08415;      Reutlingen, Landkreis;62,9;45,7;60,6;48,7;47,2;64;282;.;36,5;358,1
08416;      Tübingen, Landkreis;65,7;42,6;57,7;52,4;49,4;57,2;318,2;.;39,8;429,5
08417;      Zollernalbkreis, Landkreis;63,6;54,5;59,9;49,6;48,9;59,9;241,9;-;38,2;388,2
08421;      Ulm, Stadtkreis;.;.;.;.;.;.;.;.;.;.
08425;      Alb-Donau-Kreis, Landkreis;72;60,5;62,1;55,1;50,7;69,5;346,2;710,6;37,6;458,1
08426;      Biberach, Landkreis;72,4;60,8;66,6;56,4;53,2;70,6;372,1;729,1;36,5;406,1
08435;      Bodenseekreis, Landkreis;68,3;53,2;64,7;54,5;58,1;63,2;.;-;38;535,7
08436;      Ravensburg, Landkreis;69,4;54,1;64;53,7;50,3;62,6;371,1;.;37,6;415,8
08437;      Sigmaringen, Landkreis;68,9;59,7;61;52,7;49,3;64;333,7;.;38,2;440,7
2009;;;;;;;;;;;
08111;      Stuttgart, Stadtkreis;.;.;.;.;.;.;.;.;.;.
08115;      Böblingen, Landkreis;81,7;66,6;71,5;61,6;68;70,9;439,2;763,1;45,8;476,4
08116;      Esslingen, Landkreis;71,1;51;61,7;54,9;59,9;70,8;376,8;.;44,5;536,6
08117;      Göppingen, Landkreis;69,5;.;66,5;52,4;59,6;66,8;375;.;44,1;574
08118;      Ludwigsburg, Landkreis;78,5;65,3;71,3;60;58,7;70,6;438,8;747,5;45,8;550,3
08119;      Rems-Murr-Kreis, Landkreis;66,3;50,2;57,5;51,7;52,3;60,7;372,3;744,3;39,8;469,8
08121;      Heilbronn, Stadtkreis;.;.;.;.;.;.;.;.;.;.
08125;      Heilbronn, Landkreis;78,1;71,2;70,1;64;61,6;79;409,4;749,4;46;478,1
08126;      Hohenlohekreis, Landkreis;80,5;73,2;72,6;51,5;62,8;79,5;356,4;738;41,8;486,4
08127;      Schwäbisch Hall, Landkreis;75,8;58,4;69,8;57,3;60,3;70,4;326,6;658,4;42,4;457,5
08128;      Main-Tauber-Kreis, Landkreis;75,2;69,5;67,5;54,9;59,4;74,7;379,2;736,8;42,2;498,9
08135;      Heidenheim, Landkreis;70,9;59,2;66,8;51,5;59,5;73,1;382,8;.;37;488,3
08136;      Ostalbkreis, Landkreis;73,9;59,6;63,6;53,7;53,3;64,3;357,7;.;41,9;469,5
08211;      Baden-Baden, Stadtkreis;.;.;.;.;.;-;.;-;.;.
08212;      Karlsruhe, Stadtkreis;.;.;.;.;.;.;.;.;.;.
08215;      Karlsruhe, Landkreis;72,6;59,6;57,7;54,8;51,9;64,2;360,2;687,3;43,2;483,4
08216;      Rastatt, Landkreis;69;55,5;59,9;48,2;54,5;69,4;356,9;.;45,2;434,6
08221;      Heidelberg, Stadtkreis;.;.;.;.;.;.;.;.;.;.
08222;      Mannheim, Stadtkreis;.;.;.;.;.;.;.;.;.;.
08225;      Neckar-Odenwald-Kreis, Landkreis;71,8;61,1;62,9;53,3;57,3;67,1;351;709,6;43,5;472,1
08226;      Rhein-Neckar-Kreis, Landkreis;72,6;54;67,6;53,5;53,2;65,4;439,8;683,1;39,6;473,3
08231;      Pforzheim, Stadtkreis;.;.;.;.;.;.;.;-;.;.
08235;      Calw, Landkreis;69,1;57;64;52,5;61,3;70,4;326,3;.;43,7;509
08236;      Enzkreis, Landkreis;72,5;60,4;67,4;52,4;62,2;62,1;340,4;566,2;43,5;509,2
08237;      Freudenstadt, Landkreis;72,7;60,9;64,5;53,9;58,6;61,2;301,1;-;40,7;517,9
08311;      Freiburg im Breisgau, Stadtkreis;.;.;.;.;.;.;.;.;-;.
08315;      Breisgau-Hochschwarzwald, Landkreis;62,4;49,2;56,3;43,6;51,9;58,9;421,8;.;40,5;457,1
08316;      Emmendingen, Landkreis;63,1;51;53,5;.;55;57,1;368,3;.;.;.
08317;      Ortenaukreis, Landkreis;73;50,5;61;55,6;59,6;62;323,4;.;39,9;477,5
08325;      Rottweil, Landkreis;73,3;58,9;65,7;53,7;61,8;68,3;362,2;.;42,8;468,5
08326;      Schwarzwald-Baar-Kreis, Landkreis;64,7;.;63;54,3;58,4;73;292,5;.;45,8;485,2
08327;      Tuttlingen, Landkreis;67,3;.;59,8;50,8;53,4;65,7;344,6;-;41,6;469,2
08335;      Konstanz, Landkreis;73,4;63,1;62,7;54,2;61,9;67,6;416,6;.;39,1;472,5
08336;      Lörrach, Landkreis;66,1;51,5;56,4;51,5;54,7;61,4;319,1;-;.;475,7
08337;      Waldshut, Landkreis;66,6;53;58,8;49,8;54,4;60,1;341,8;.;36,3;489,2
08415;      Reutlingen, Landkreis;66,9;50,5;57,8;50,3;56,8;64,6;305,9;.;37,6;441,3
08416;      Tübingen, Landkreis;73,9;50,4;61,8;56,4;58,3;62,5;302,3;716;42,1;466,7
08417;      Zollernalbkreis, Landkreis;69,2;62,8;63,3;48,7;61,3;65,7;272,9;-;36,6;462,2
08421;      Ulm, Stadtkreis;.;.;.;.;.;.;.;.;.;.
08425;      Alb-Donau-Kreis, Landkreis;77;63;67,5;58;60,3;76,4;359;664;40,5;502,6
08426;      Biberach, Landkreis;72,6;62,7;65,5;52,3;59,5;71,5;396,5;706,3;39,7;522,7
08435;      Bodenseekreis, Landkreis;66,6;55,2;61,1;51,9;61,2;60,6;399,8;.;38,5;507,9
08436;      Ravensburg, Landkreis;63;59;56,1;48,7;53,9;62,9;399,6;.;33,9;429,8
08437;      Sigmaringen, Landkreis;72,3;63,4;64,6;52,9;60,4;68,9;401,4;-;40,7;482,2
2008;;;;;;;;;;;
08111;      Stuttgart, Stadtkreis;79,4;.;59;56,2;56,5;.;429,2;627,7;.;.
08115;      Böblingen, Landkreis;82,1;62,7;63,4;61,3;63,2;75,5;388,8;697,6;40,1;480,8
08116;      Esslingen, Landkreis;74,3;52,2;53,7;51,3;56,9;67,7;387;.;38,7;502,2
08117;      Göppingen, Landkreis;66;.;56,1;49,3;53,2;62,9;383,6;.;30,4;535,3
08118;      Ludwigsburg, Landkreis;80,9;58,8;63,6;58,8;58,1;70,9;411,2;723,4;39;522,1
08119;      Rems-Murr-Kreis, Landkreis;66,1;49,7;51,2;49,4;48,8;58,8;426,5;678,5;37,8;449,1
08121;      Heilbronn, Stadtkreis;.;.;.;.;.;.;.;.;.;.
08125;      Heilbronn, Landkreis;78,6;64,4;64,9;58;56,4;81,2;408,1;684,3;40,3;517,5
08126;      Hohenlohekreis, Landkreis;73,7;60,2;55,9;44,3;50,2;72,8;301,3;674,8;36,4;466,9
08127;      Schwäbisch Hall, Landkreis;73,9;52,9;55,8;52,2;55,9;67,8;326;619,1;36,1;448,9
08128;      Main-Tauber-Kreis, Landkreis;72,7;64,1;56,4;47,8;48,9;66,2;348;615,8;36;452
08135;      Heidenheim, Landkreis;69,7;55,3;57,2;51,2;53,1;72,2;369,5;.;37,3;491,5
08136;      Ostalbkreis, Landkreis;71,3;54,1;55,1;56,4;49,7;63,9;362,7;.;38,3;495
08211;      Baden-Baden, Stadtkreis;.;.;.;.;.;-;.;-;.;.
08212;      Karlsruhe, Stadtkreis;.;.;.;.;.;.;.;.;.;.
08215;      Karlsruhe, Landkreis;76,1;60,2;59,5;57,9;51,7;70,8;400,8;590,6;43;449,6
08216;      Rastatt, Landkreis;69,3;46,9;57,7;43;49,4;75,6;352;.;38,6;471,4
08221;      Heidelberg, Stadtkreis;.;.;.;.;.;.;.;.;.;.
08222;      Mannheim, Stadtkreis;.;.;.;.;.;.;.;.;.;.
08225;      Neckar-Odenwald-Kreis, Landkreis;68,1;58,3;53,9;43,6;47,1;68,6;368,2;646,9;35,6;469,6
08226;      Rhein-Neckar-Kreis, Landkreis;76;55,6;60,9;51,4;48,3;74,4;359,2;630,5;38,1;469,3
08231;      Pforzheim, Stadtkreis;.;.;.;.;.;.;.;-;.;.
08235;      Calw, Landkreis;69,9;56,4;55,1;54,6;56,3;72,1;344,9;.;38,7;482
08236;      Enzkreis, Landkreis;71,4;57,6;59,8;51,8;56,3;68,3;327,2;.;38,8;489
08237;      Freudenstadt, Landkreis;76;62,2;62,4;48,7;61,6;62,7;337,4;-;37,5;526,2
08311;      Freiburg im Breisgau, Stadtkreis;.;.;.;.;.;.;.;.;-;.
08315;      Breisgau-Hochschwarzwald, Landkreis;71,9;62,5;61,1;50,6;58,1;65,8;412,2;.;37,4;449,3
08316;      Emmendingen, Landkreis;69,9;.;51,3;51,6;56;58,5;376,9;.;.;473,7
08317;      Ortenaukreis, Landkreis;76;65,4;60,2;56;59,3;62,6;358,4;.;36,7;470,8
08325;      Rottweil, Landkreis;73,2;59,7;55,4;53,9;58,8;66,3;323,7;.;35,4;456,5
08326;      Schwarzwald-Baar-Kreis, Landkreis;66,8;51,3;57,9;49,9;46,3;64,6;317,8;.;43,1;476,8
08327;      Tuttlingen, Landkreis;69,3;57,2;56,6;50,4;51,5;65,4;350,2;-;38,9;463,7
08335;      Konstanz, Landkreis;74,8;64,9;57,7;51,7;58,5;66,5;335,8;.;36,5;477,6
08336;      Lörrach, Landkreis;69,5;.;53,7;50,7;55,3;60,3;302,5;-;.;481,6
08337;      Waldshut, Landkreis;65,7;52,3;55,9;48,4;49,7;58,2;307,3;.;37,9;443,2
08415;      Reutlingen, Landkreis;66,4;50,9;57,5;47,8;53,8;64,1;290;.;34;419
08416;      Tübingen, Landkreis;72,8;50,6;54,2;53,5;55,3;63;257,4;.;40;494,4
08417;      Zollernalbkreis, Landkreis;66,8;55,9;51,4;46,3;56;59,7;268,1;-;33,3;444,9
08421;      Ulm, Stadtkreis;.;.;.;.;.;.;.;.;.;.
08425;      Alb-Donau-Kreis, Landkreis;79,8;60,9;62,7;59,7;59,7;79,1;369;678,7;37,5;502,9
08426;      Biberach, Landkreis;77,8;66,9;62,2;54,7;57,9;75,1;373,9;680,2;36,5;503,5
08435;      Bodenseekreis, Landkreis;76,7;60,1;61,5;52,3;60,3;65,5;395,8;.;37,9;468,6
08436;      Ravensburg, Landkreis;75,5;56,8;61;53,9;57,5;70,6;378,1;.;37,5;452,7
08437;      Sigmaringen, Landkreis;83,3;60,9;63,8;58,4;61,1;71,7;340,7;-;37,5;485,1
2007;;;;;;;;;;;
08111;      Stuttgart, Stadtkreis;71,9;.;.;48,1;.;.;398;603,2;.;454,6
08115;      Böblingen, Landkreis;80,4;69,8;68,3;47,5;50,2;82,1;357,9;625,6;47,5;516,3
08116;      Esslingen, Landkreis;69,5;55,5;57,3;43,1;44,4;64;377,7;.;42,8;497,3
08117;      Göppingen, Landkreis;68,5;.;63,3;48,6;45,9;63,1;362,4;.;46,9;519,7
08118;      Ludwigsburg, Landkreis;73,9;49,2;60,6;44,5;43,2;57,1;405,2;661,9;42,1;521,7
08119;      Rems-Murr-Kreis, Landkreis;66,1;49,6;51,4;39,5;39,8;57,3;341;651,8;40,2;455,6
08121;      Heilbronn, Stadtkreis;.;.;.;.;.;.;.;.;.;.
08125;      Heilbronn, Landkreis;71,5;63;57,8;45,1;41,5;66,2;408,3;657,7;40,7;474,5
08126;      Hohenlohekreis, Landkreis;74,2;65,4;58,3;39;38,4;69;300,1;664,1;38,9;468,5
08127;      Schwäbisch Hall, Landkreis;77,2;50,3;61,5;46,2;46,4;72,7;292,6;623,1;42,9;470
08128;      Main-Tauber-Kreis, Landkreis;70;60;55,7;39,1;42,6;66,6;348,2;651;40,6;493,4
08135;      Heidenheim, Landkreis;77,8;55,4;64,3;47,1;46,8;78,6;347,1;696,3;46;484,3
08136;      Ostalbkreis, Landkreis;70,6;58,8;53,3;42,9;40,6;64,6;336,3;673,8;43,1;477,6
08211;      Baden-Baden, Stadtkreis;.;.;.;.;.;.;.;.;.;.
08212;      Karlsruhe, Stadtkreis;.;.;.;.;.;.;.;.;.;.
08215;      Karlsruhe, Landkreis;63;43,6;50,8;42,7;33,4;49,4;374,5;596,7;39,3;470,5
08216;      Rastatt, Landkreis;58,3;38,1;51,1;30,3;35,6;63,1;334,4;.;.;455,6
08221;      Heidelberg, Stadtkreis;.;.;.;.;.;.;.;.;.;.
08222;      Mannheim, Stadtkreis;.;.;.;.;.;.;.;.;.;.
08225;      Neckar-Odenwald-Kreis, Landkreis;66;61,5;54,3;37,2;36,8;66,1;317,5;624,4;39,1;438
08226;      Rhein-Neckar-Kreis, Landkreis;65,7;45;55,8;40,6;36,6;58,6;350,4;599;37,9;425,2
08231;      Pforzheim, Stadtkreis;.;.;.;.;.;.;.;.;.;.
08235;      Calw, Landkreis;68,2;49,1;54;45;44,4;71,1;324,4;.;43,1;415,2
08236;      Enzkreis, Landkreis;63,1;52,4;62,2;39,9;40,5;57,4;312;.;39,5;528,7
08237;      Freudenstadt, Landkreis;71,1;57,9;58,9;38,9;46;52,2;251,5;.;44,3;461,7
08311;      Freiburg im Breisgau, Stadtkreis;.;.;.;.;.;.;.;.;.;.
08315;      Breisgau-Hochschwarzwald, Landkreis;62,8;53,4;52,4;40,4;33,8;58,8;394,5;654,8;43,5;470,7
08316;      Emmendingen, Landkreis;49,5;.;50,3;.;35,3;47,3;402,4;.;.;464,6
08317;      Ortenaukreis, Landkreis;63,8;43,1;49,2;36,5;35,3;51,3;305;.;35,3;431,2
08325;      Rottweil, Landkreis;74,4;54,8;61,8;43,5;46,5;67,3;360,3;.;44,3;462,7
08326;      Schwarzwald-Baar-Kreis, Landkreis;78,4;42,3;69,7;45,7;45,2;75,2;307,3;.;43,8;515,2
08327;      Tuttlingen, Landkreis;67,4;52,2;56,8;38,9;43,1;65,9;334,1;.;42,2;482,6
08335;      Konstanz, Landkreis;74,5;62,7;59,5;44,5;49,4;69,8;348,3;.;41,5;476,9
08336;      Lörrach, Landkreis;56,9;43,6;49,6;37,5;40,8;52,2;305,4;.;.;505,8
08337;      Waldshut, Landkreis;67,3;50,7;56,7;45,2;41;60,5;299,6;.;39,1;474,2
08415;      Reutlingen, Landkreis;62,7;51,2;57,2;45,3;44,8;65,9;309,4;.;39,9;321,8
08416;      Tübingen, Landkreis;65,1;49,7;59;45,1;38,6;51,1;295,6;.;46,5;444,2
08417;      Zollernalbkreis, Landkreis;65,1;55,8;53,9;42;44,4;61,8;277,6;.;37,8;433,7
08421;      Ulm, Stadtkreis;.;.;.;.;.;.;.;.;.;.
08425;      Alb-Donau-Kreis, Landkreis;80,8;64,2;66,5;53,3;50,1;78,6;362;649,4;43,5;456,9
08426;      Biberach, Landkreis;79,6;68,4;67,6;50,7;48,8;74,4;404,6;680,3;42,8;495,4
08435;      Bodenseekreis, Landkreis;76,3;61,2;63,1;45,4;50,3;73,6;384,9;651,2;45,6;497,4
08436;      Ravensburg, Landkreis;77,6;57,5;67,3;50,6;48,2;66,8;371,8;.;44,3;425,7
08437;      Sigmaringen, Landkreis;81,4;59;63,3;51,7;49,6;65,7;357,3;.;43,9;499,3
2006;;;;;;;;;;;
08111;      Stuttgart, Stadtkreis;77,3;-;.;53,3;.;-;328,3;.;.;.
08115;      Böblingen, Landkreis;78,5;57,9;70,2;55,5;57,7;64,7;320,7;669;41,3;431,3
08116;      Esslingen, Landkreis;73,5;55,3;62;52,3;54,4;64,6;300,3;613,3;41,9;444,6
08117;      Göppingen, Landkreis;68;.;62,7;48,9;53,7;65,9;286,3;.;37,5;470,9
08118;      Ludwigsburg, Landkreis;80,1;56,7;69,7;59,9;55,8;71,6;364;695,7;42,7;485,4
08119;      Rems-Murr-Kreis, Landkreis;68,4;49,8;56,4;48,9;44,7;60,5;295,5;677,3;38,7;433,5
08121;      Heilbronn, Stadtkreis;.;.;.;.;.;.;.;.;.;.
08125;      Heilbronn, Landkreis;76,2;70;65;59,9;55,4;76,2;374,9;695,6;44,2;446,7
08126;      Hohenlohekreis, Landkreis;81,2;61,4;68,9;53,5;55,9;77;312,5;662,6;43,1;442,9
08127;      Schwäbisch Hall, Landkreis;79,3;56;64,7;57,2;58;74,3;300,3;609,1;39,9;435,7
08128;      Main-Tauber-Kreis, Landkreis;77,1;65,8;64,2;52,1;55,8;71,8;330,5;660,9;40,6;466,5
08135;      Heidenheim, Landkreis;68,8;55,4;58,5;47,5;49,4;66,7;296,5;.;37,9;426,3
08136;      Ostalbkreis, Landkreis;66,7;52,4;59,3;43,4;45,5;60,4;298;.;37,4;429,4
08211;      Baden-Baden, Stadtkreis;.;.;.;.;.;.;.;-;.;.
08212;      Karlsruhe, Stadtkreis;.;.;.;.;.;.;.;.;.;.
08215;      Karlsruhe, Landkreis;71,4;47,6;62,7;50,7;47,7;59,8;318,2;578,7;43,7;431,1
08216;      Rastatt, Landkreis;65,1;.;56,3;43,4;44,9;66,6;313,3;.;40,1;388,7
08221;      Heidelberg, Stadtkreis;.;.;.;.;.;.;.;.;.;.
08222;      Mannheim, Stadtkreis;.;.;.;.;.;.;.;.;.;.
08225;      Neckar-Odenwald-Kreis, Landkreis;72;58,5;62,2;48,7;50,6;70,2;322;633,7;38,8;433,7
08226;      Rhein-Neckar-Kreis, Landkreis;72,9;51,5;63;53,7;48,4;59,8;304,2;654,5;41,6;443,4
08231;      Pforzheim, Stadtkreis;.;.;.;.;.;-;.;-;.;.
08235;      Calw, Landkreis;63,8;50,6;57,6;45,8;50,1;58,5;321,2;.;40,4;407,3
08236;      Enzkreis, Landkreis;70,4;56,1;66,5;48,6;50,9;70,2;300,3;585,5;39,4;450
08237;      Freudenstadt, Landkreis;68,2;55,5;60,7;43,6;51,2;54,5;293;.;38,9;422,3
08311;      Freiburg im Breisgau, Stadtkreis;.;.;.;.;.;.;.;.;-;.
08315;      Breisgau-Hochschwarzwald, Landkreis;66,6;54,6;53,9;43,8;49,2;55,2;358,5;606,8;40;411,4
08316;      Emmendingen, Landkreis;65,7;47,3;57,2;45,5;45,4;54,1;377,5;.;.;351,3
08317;      Ortenaukreis, Landkreis;68,9;49,3;57,3;50,7;51;58,5;286,4;620,1;35,7;340
08325;      Rottweil, Landkreis;71,4;50,8;58,1;46,3;50,7;66,2;331,1;-;38,1;430
08326;      Schwarzwald-Baar-Kreis, Landkreis;69,7;49,1;56,6;53,9;52,5;64,8;288,1;.;38,7;507,5
08327;      Tuttlingen, Landkreis;67,6;57,9;55,7;44,7;44,1;60,4;348;-;40,6;467,7
08335;      Konstanz, Landkreis;67,6;58,5;59,2;41,9;52;61,4;280,1;.;34,7;426,9
08336;      Lörrach, Landkreis;60,6;48;51,8;41,2;49,3;55,3;277,2;.;.;433
08337;      Waldshut, Landkreis;63,4;48;55,5;43,1;45,2;57,7;295,3;.;37;438,7
08415;      Reutlingen, Landkreis;61,5;50,9;51,9;42,1;48,6;59,5;265,7;.;38,3;442,7
08416;      Tübingen, Landkreis;68,5;48,5;61;49,1;49,5;60,8;294,2;.;42,7;481,1
08417;      Zollernalbkreis, Landkreis;66;57;55,1;44,4;51;59,6;268;.;34,2;407,3
08421;      Ulm, Stadtkreis;.;.;.;.;.;.;.;.;.;.
08425;      Alb-Donau-Kreis, Landkreis;76,8;65,4;64,7;50,5;53,2;73,7;324,4;564,8;40,7;446,7
08426;      Biberach, Landkreis;76,5;63,1;64,2;47,9;55,8;72,1;343,9;628,4;39,8;459,4
08435;      Bodenseekreis, Landkreis;70,4;64,6;61,9;47,7;52,9;65;322;634,7;41,5;481,7
08436;      Ravensburg, Landkreis;74,6;51,7;62,8;49,6;52,6;63,6;340,6;610,9;40,6;413,3
08437;      Sigmaringen, Landkreis;73,5;53,9;59,8;48,5;53,8;60,1;325;-;38,7;444,8
2005;;;;;;;;;;;
08111;      Stuttgart, Stadtkreis;74,4;-;.;51,9;.;-;353,1;.;.;.
08115;      Böblingen, Landkreis;69,6;57,1;59,1;49;49,7;69,4;332,5;667,2;40,2;462,8
08116;      Esslingen, Landkreis;65,2;46,4;51,4;44,7;51,1;52,1;362,7;639,1;40,1;460,2
08117;      Göppingen, Landkreis;63,6;.;53,8;47,6;51,3;61,9;353,8;.;39,9;493,8
08118;      Ludwigsburg, Landkreis;75,7;53,3;62,7;54,2;51,1;66,1;409,4;703,3;40,5;480,3
08119;      Rems-Murr-Kreis, Landkreis;62,7;50;52,6;46,8;43,1;60,1;352,2;676,5;37,3;441,5
08121;      Heilbronn, Stadtkreis;.;.;.;.;.;.;.;.;.;.
08125;      Heilbronn, Landkreis;71,7;67,4;58,8;56,4;49,8;72,9;401,8;682,5;41,2;433,6
08126;      Hohenlohekreis, Landkreis;73,3;62,2;56,1;46,6;46,9;66,7;281,3;656,3;36,2;448,7
08127;      Schwäbisch Hall, Landkreis;70,4;49,8;57,2;47,2;49,2;67,5;326,2;610,1;36,4;472,9
08128;      Main-Tauber-Kreis, Landkreis;69,7;64,4;56;43,7;47,2;67;341,2;658;36,7;475,1
08135;      Heidenheim, Landkreis;66,7;55,5;57,7;45,3;46,4;72;328,7;.;39,1;402,3
08136;      Ostalbkreis, Landkreis;62,7;50,5;51,9;42,7;42,9;57,6;352,7;578,7;35,7;450,7
08211;      Baden-Baden, Stadtkreis;.;.;.;.;.;.;.;-;.;.
08212;      Karlsruhe, Stadtkreis;.;.;.;.;.;.;.;.;.;.
08215;      Karlsruhe, Landkreis;65,9;49,9;55,4;50,7;43,4;50,1;363,2;623,3;40,4;446
08216;      Rastatt, Landkreis;61,4;42,9;51,6;45,7;46,1;64,2;341;.;.;454,1
08221;      Heidelberg, Stadtkreis;.;.;.;.;.;.;.;.;.;.
08222;      Mannheim, Stadtkreis;.;.;.;.;.;.;.;.;.;.
08225;      Neckar-Odenwald-Kreis, Landkreis;63,6;53,9;54,4;42,5;46,1;65,5;303;603,7;34,4;445,3
08226;      Rhein-Neckar-Kreis, Landkreis;72,6;44,7;55,3;50,1;48,4;58,7;340,9;628,7;38,1;429,7
08231;      Pforzheim, Stadtkreis;.;.;.;.;.;-;.;-;.;.
08235;      Calw, Landkreis;53,8;47,3;49,1;37,4;38,2;52,7;341,9;.;39,6;421,4
08236;      Enzkreis, Landkreis;61,2;50,9;55,2;41,4;46,5;.;312,1;558,2;39,1;479,4
08237;      Freudenstadt, Landkreis;64,2;52,6;50,5;40,4;42,9;49,2;330,4;.;36;454,8
08311;      Freiburg im Breisgau, Stadtkreis;.;.;.;.;.;.;.;.;-;.
08315;      Breisgau-Hochschwarzwald, Landkreis;62,5;60,1;50,3;46,8;47,2;51,2;353,6;611,8;31,7;456,4
08316;      Emmendingen, Landkreis;63,3;49,3;51,3;45,7;48,8;55;429,3;.;.;478,5
08317;      Ortenaukreis, Landkreis;65,3;45,5;51,4;54,1;47,4;52,9;313;.;28,8;441,8
08325;      Rottweil, Landkreis;68,5;45,8;48,5;44,4;45,9;59,4;343,3;-;35,6;412
08326;      Schwarzwald-Baar-Kreis, Landkreis;70,8;54,6;55,6;55,4;53,9;66,6;342,3;.;.;469,4
08327;      Tuttlingen, Landkreis;62,6;52,4;51,2;42,9;45,6;57,8;353;-;37,2;498,1
08335;      Konstanz, Landkreis;68,4;59,5;53,9;48;53,7;64,4;338,6;537,1;34,7;455,9
08336;      Lörrach, Landkreis;57,2;54,4;50,6;43;47,1;50,8;294;.;.;490,2
08337;      Waldshut, Landkreis;62,8;49,7;54,7;46,3;45,1;58,1;337,7;.;36,8;451,6
08415;      Reutlingen, Landkreis;61,9;54,2;46,8;40,9;44,9;58,8;315;.;39,3;433,3
08416;      Tübingen, Landkreis;62,8;50,1;51;40,5;47,7;52,1;298,7;.;39,9;445,3
08417;      Zollernalbkreis, Landkreis;61,8;53,8;50;43,4;45,9;55,4;273,3;.;33,6;459,9
08421;      Ulm, Stadtkreis;.;.;.;.;.;.;.;.;.;.
08425;      Alb-Donau-Kreis, Landkreis;72,4;57,9;56,5;50,2;51,4;70,3;334,2;668;39,5;474,3
08426;      Biberach, Landkreis;72,5;61,3;56,7;46,8;54;66,4;370,6;658;39;499,2
08435;      Bodenseekreis, Landkreis;71,2;60,6;57,3;49,4;55,9;68,1;394,9;642,3;38,3;503,4
08436;      Ravensburg, Landkreis;73,9;54,4;58,4;52,4;56;66,7;362,1;650,5;41,3;449,2
08437;      Sigmaringen, Landkreis;70,9;50,7;54,6;46;52,1;63,4;355,3;-;41;442,8
2004;;;;;;;;;;;
08111;      Stuttgart, Stadtkreis;76,8;-;.;57,2;.;-;344,9;607,6;.;.
08115;      Böblingen, Landkreis;85;73,7;74,5;66,2;63;90,5;351,4;647,2;39,1;455,7
08116;      Esslingen, Landkreis;78,2;64,6;62;57,2;54,5;64,8;389,4;612,9;40,9;458,8
08117;      Göppingen, Landkreis;77,4;.;65,9;55,5;56,5;77,3;359,8;.;43,5;450,7
08118;      Ludwigsburg, Landkreis;76,1;44,8;71,7;60,2;54,2;63,9;364;642;40;451,6
08119;      Rems-Murr-Kreis, Landkreis;74,8;50,8;61,4;53,1;48,3;65;371;634,2;33,8;440,7
08121;      Heilbronn, Stadtkreis;.;.;.;.;.;.;.;.;.;.
08125;      Heilbronn, Landkreis;81,4;74,7;73,2;64;56,8;77,3;400,8;664,5;42,8;429,1
08126;      Hohenlohekreis, Landkreis;83,7;67,7;69,6;55,7;55,7;76,6;352,3;639;38,2;454,4
08127;      Schwäbisch Hall, Landkreis;81,2;56,2;68,3;54,9;57,3;74,1;313,9;619,5;35,6;445,6
08128;      Main-Tauber-Kreis, Landkreis;82,2;70;70,2;58,6;58;79,1;367,3;658,2;36,8;481,3
08135;      Heidenheim, Landkreis;78,9;.;66,5;60,9;55,9;77;347,8;639,3;39,6;416,9
08136;      Ostalbkreis, Landkreis;76,7;57,8;64,8;56,3;51,1;68,2;312,9;562,9;37,5;439,1
08211;      Baden-Baden, Stadtkreis;.;.;.;.;.;.;.;-;.;.
08212;      Karlsruhe, Stadtkreis;.;.;.;.;.;.;.;.;.;.
08215;      Karlsruhe, Landkreis;78;52,8;63;58,2;47,1;77,1;402,4;613,1;40,2;447,6
08216;      Rastatt, Landkreis;70,4;.;55,1;45,1;51,3;.;376,7;.;37;451,2
08221;      Heidelberg, Stadtkreis;.;.;.;.;.;.;.;.;.;.
08222;      Mannheim, Stadtkreis;.;.;.;.;.;.;.;.;.;.
08225;      Neckar-Odenwald-Kreis, Landkreis;75,7;63,5;64,8;54;49,1;71,8;301,2;651,4;36,3;457,5
08226;      Rhein-Neckar-Kreis, Landkreis;76,9;51,8;69,2;54,5;49,6;57,5;372,9;663,5;39,1;417,2
08231;      Pforzheim, Stadtkreis;.;.;.;.;.;-;.;-;.;.
08235;      Calw, Landkreis;73,2;52;61,7;58,4;52,9;68,2;321,7;.;36,7;389
08236;      Enzkreis, Landkreis;74,2;60,9;71,7;58;58,8;76,5;304,3;564,4;39,5;517,6
08237;      Freudenstadt, Landkreis;81,8;57;66,3;55,1;55,6;55,4;374;.;38,5;454,5
08311;      Freiburg im Breisgau, Stadtkreis;.;.;.;.;.;.;.;.;-;.
08315;      Breisgau-Hochschwarzwald, Landkreis;64,7;60,3;53,1;44,3;45,7;59,1;392,9;638,9;31,2;419,9
08316;      Emmendingen, Landkreis;69,1;53,4;61,2;53,9;53,3;64,3;433,9;648,2;.;501,5
08317;      Ortenaukreis, Landkreis;78;56,6;65,3;60,4;51,8;64,4;323,9;659,2;31,1;442
08325;      Rottweil, Landkreis;77,1;54,2;61,2;58,4;58,3;67,2;387,7;-;38,5;475,7
08326;      Schwarzwald-Baar-Kreis, Landkreis;77,9;.;61;58,6;53,1;77,7;333,4;.;36,2;455,7
08327;      Tuttlingen, Landkreis;68,5;56,2;57,7;53,6;51,9;64;379,5;-;41,1;424,7
08335;      Konstanz, Landkreis;64,7;57,7;50,8;49,3;47;54,6;357,1;.;33,4;401,1
08336;      Lörrach, Landkreis;72,3;66,5;57,8;53,1;53,1;64,6;350,2;.;31,7;515,4
08337;      Waldshut, Landkreis;71,3;52,8;59,8;54,8;51,2;63,5;359,4;649,6;38,1;485,5
08415;      Reutlingen, Landkreis;59,8;50,5;50,3;46,9;49,3;57,3;315,8;.;36,2;399,1
08416;      Tübingen, Landkreis;69,5;58,5;58,5;55,5;53,9;54,4;308,5;.;36,3;411,8
08417;      Zollernalbkreis, Landkreis;70,5;57,9;57,4;50,3;56,4;63,6;277,8;.;34,2;456,3
08421;      Ulm, Stadtkreis;.;.;.;.;.;.;.;.;.;.
08425;      Alb-Donau-Kreis, Landkreis;82;64,2;63,3;58,9;57,6;76,5;345,9;638;42,9;456,5
08426;      Biberach, Landkreis;76,9;56,6;63,7;52,6;56,3;72,4;319,2;649,6;41,7;441,6
08435;      Bodenseekreis, Landkreis;75,6;61,9;62,3;57;58,4;69,7;407,1;635,5;39;488,6
08436;      Ravensburg, Landkreis;78,3;52,3;66,4;55,8;56,7;72,1;388;615,6;36,5;448,7
08437;      Sigmaringen, Landkreis;77,6;58,4;59,9;54,3;56,4;68,6;362,1;-;36;436,5
2003;;;;;;;;;;;
08111;      Stuttgart, Stadtkreis;58,7;.;53,1;52,9;51,4;.;268,8;.;.;405
08115;      Böblingen, Landkreis;62,8;53,8;57,8;55,4;54,6;56,8;252,6;481,8;28,9;412,9
08116;      Esslingen, Landkreis;58,7;38,5;50,7;50,9;49,9;50,5;293,2;501,3;25,1;417
08117;      Göppingen, Landkreis;60,7;.;55,5;55,2;55,9;55,5;261,4;.;30,6;429
08118;      Ludwigsburg, Landkreis;58,8;44,5;55,1;48,5;46,5;52;264;469,5;27;409,6
08119;      Rems-Murr-Kreis, Landkreis;55,3;47,1;50,9;49,4;45,5;50,7;258,5;480,9;25,9;370,7
08121;      Heilbronn, Stadtkreis;.;.;.;.;.;.;.;.;.;.
08125;      Heilbronn, Landkreis;59,7;51,6;53,9;51;46,5;55,9;261;513,7;25,7;364,9
08126;      Hohenlohekreis, Landkreis;61;39,9;52,7;43,6;45,6;58,6;271,3;460,6;25,5;374,2
08127;      Schwäbisch Hall, Landkreis;61,8;42,1;55,6;50,5;48,7;53,8;249,7;437,2;27,9;348,7
08128;      Main-Tauber-Kreis, Landkreis;57,1;51,7;45,9;43,5;43,9;49,7;250,5;454,4;26,5;355,4
08135;      Heidenheim, Landkreis;59,1;47,1;52,4;51,7;49;56,6;307,2;492,8;27,7;403,8
08136;      Ostalbkreis, Landkreis;58,4;43,6;50,8;50;46,6;52,3;279,7;.;27,1;391,2
08211;      Baden-Baden, Stadtkreis;.;.;.;.;.;.;.;-;.;.
08212;      Karlsruhe, Stadtkreis;.;.;.;.;.;.;.;.;.;.
08215;      Karlsruhe, Landkreis;54,3;35,5;47,5;42,9;38,3;40,1;267,7;446;25,5;355,6
08216;      Rastatt, Landkreis;55,1;.;50,2;46,2;44,1;.;302;-;24,3;409,6
08221;      Heidelberg, Stadtkreis;.;.;.;.;.;.;.;.;.;.
08222;      Mannheim, Stadtkreis;.;.;.;.;.;.;.;.;.;.
08225;      Neckar-Odenwald-Kreis, Landkreis;54,2;46,7;49,3;41,8;45,5;52,2;274,6;465;26;362,2
08226;      Rhein-Neckar-Kreis, Landkreis;56,6;48,3;51;44,2;46;46;250,8;442;26,5;374,9
08231;      Pforzheim, Stadtkreis;.;.;.;.;.;.;.;-;.;.
08235;      Calw, Landkreis;52,8;45,9;47,8;47,6;48,5;53,1;264,5;.;26,3;360,5
08236;      Enzkreis, Landkreis;55,8;45,5;51;48,5;44,4;58,4;220,7;480,4;26,2;399,9
08237;      Freudenstadt, Landkreis;59,6;46,5;52,8;48,1;50,8;46,6;262;-;23,9;423,2
08311;      Freiburg im Breisgau, Stadtkreis;.;.;.;.;.;.;.;.;-;.
08315;      Breisgau-Hochschwarzwald, Landkreis;47,2;38,5;45,2;33,9;41,6;46,4;300,8;509,1;23,8;351,6
08316;      Emmendingen, Landkreis;53;44,1;46,3;47,1;46,2;48;285,4;515,4;26,9;386,9
08317;      Ortenaukreis, Landkreis;52,6;47,3;47,3;46;45,6;47,8;263;.;22,6;391,1
08325;      Rottweil, Landkreis;57,5;47,1;47,7;45,7;47,8;50,4;279,7;-;24,4;361,1
08326;      Schwarzwald-Baar-Kreis, Landkreis;62,4;44,9;53,2;50,7;52,3;62,8;.;.;27,8;456,4
08327;      Tuttlingen, Landkreis;57,8;.;48;47,5;44,6;54,4;.;-;27,5;378,6
08335;      Konstanz, Landkreis;55,2;47,7;47,9;44,8;49;54,6;288;.;25,5;411,9
08336;      Lörrach, Landkreis;49,7;45;47,5;40,8;46,2;49,1;240,7;.;30;440,8
08337;      Waldshut, Landkreis;51,9;42,6;50,1;42,8;40,8;44,8;259,1;.;26,4;364,8
08415;      Reutlingen, Landkreis;61,4;51,2;55,1;51,1;51,7;58,8;254,3;.;27,6;388,7
08416;      Tübingen, Landkreis;56,7;50,7;52,1;54,5;53,9;59,2;286;.;22,6;439,8
08417;      Zollernalbkreis, Landkreis;57,4;48,1;52,8;46,7;50,3;56,2;.;-;21,5;387,7
08421;      Ulm, Stadtkreis;67;62,7;51,9;54;56,2;.;248,7;.;26;.
08425;      Alb-Donau-Kreis, Landkreis;68;52,6;58,7;55,9;54,1;62,5;287,3;531,9;27,5;418,9
08426;      Biberach, Landkreis;67,3;58,1;56,3;52,1;52,2;61,6;316;584,7;27;456,2
08435;      Bodenseekreis, Landkreis;61,8;54,9;57,1;47,9;55,4;58,5;312,8;583;29,1;472,9
08436;      Ravensburg, Landkreis;61,8;47,1;54,5;50,6;53,8;61,5;331,4;586,9;25,8;430,8
08437;      Sigmaringen, Landkreis;63;50,6;53,5;49,7;52,1;56,9;336,4;-;25,5;442,5
2002;;;;;;;;;;;
08111;      Stuttgart, Stadtkreis;67,9;.;67;44,9;48,6;.;346,8;717,4;.;.
08115;      Böblingen, Landkreis;70,9;59;64,3;52,1;53,4;68;348,2;671,3;36;496,1
08116;      Esslingen, Landkreis;64,4;49,4;56,4;44,8;48,9;63,6;346;622,1;32,7;482,2
08117;      Göppingen, Landkreis;62,1;51,6;59,4;42,1;45,6;58,3;352,3;.;32,4;475,9
08118;      Ludwigsburg, Landkreis;74;52,6;64,8;51,9;51,8;71,3;387,7;676,8;34,4;520,2
08119;      Rems-Murr-Kreis, Landkreis;62,4;50,1;56,2;45,5;45,2;60,8;356,1;677,4;31,3;452,5
08121;      Heilbronn, Stadtkreis;.;.;.;.;.;.;.;.;.;.
08125;      Heilbronn, Landkreis;70;58,6;62,3;52,1;48,3;63,8;363,2;699,4;33,7;458,3
08126;      Hohenlohekreis, Landkreis;72,1;61,9;62,5;46,3;49,7;66,2;363;672,9;30,4;463,2
08127;      Schwäbisch Hall, Landkreis;70,1;56,3;60,9;47,9;49,2;65,2;322,6;614,3;29,9;468,5
08128;      Main-Tauber-Kreis, Landkreis;70,1;64,4;61,9;45,8;50,4;65,9;360;655,1;30,6;479
08135;      Heidenheim, Landkreis;66,1;50,1;60,2;48,5;46,7;61,1;360,8;661,1;32,2;448,7
08136;      Ostalbkreis, Landkreis;65;49,4;60,6;46,2;44;57,4;347,9;597,4;34,8;457,3
08211;      Baden-Baden, Stadtkreis;.;.;.;.;.;.;.;-;.;.
08212;      Karlsruhe, Stadtkreis;.;.;.;.;.;.;.;.;.;.
08215;      Karlsruhe, Landkreis;64;46,6;54,1;46,4;43,3;62,5;336;599,9;30,5;455,7
08216;      Rastatt, Landkreis;64,3;.;57,3;50,2;46,2;66,8;378,4;-;32,4;461,2
08221;      Heidelberg, Stadtkreis;.;.;.;.;.;.;.;.;.;.
08222;      Mannheim, Stadtkreis;.;.;.;.;.;.;.;.;.;.
08225;      Neckar-Odenwald-Kreis, Landkreis;63,2;54,1;57,9;39,6;45,6;60,2;348,9;639,3;31,2;439,1
08226;      Rhein-Neckar-Kreis, Landkreis;63,6;49,7;58,5;45,3;45,7;57;335,8;640,3;31,8;441
08231;      Pforzheim, Stadtkreis;.;.;.;.;.;-;.;-;.;.
08235;      Calw, Landkreis;58,3;48,6;53,7;45,9;47,4;57,8;310;.;33,2;410,8
08236;      Enzkreis, Landkreis;66,9;57,1;63,4;48,5;49,1;64,5;290,4;589,4;32,2;474,8
08237;      Freudenstadt, Landkreis;64,5;53,1;57,9;43,5;47,1;53,2;329,2;-;29,8;443,8
08311;      Freiburg im Breisgau, Stadtkreis;.;.;.;.;.;.;.;.;-;.
08315;      Breisgau-Hochschwarzwald, Landkreis;68,5;57;54,2;49;46,6;59,3;395,4;603;35;458,2
08316;      Emmendingen, Landkreis;62,8;51,9;54,2;45,4;49,8;61,7;388,1;690,3;.;481,6
08317;      Ortenaukreis, Landkreis;64,7;48,1;54,4;50,9;46;52,3;325,7;.;25,5;472,6
08325;      Rottweil, Landkreis;66,6;51,5;56,3;44,8;51,7;61,4;318,3;.;32,4;408,1
08326;      Schwarzwald-Baar-Kreis, Landkreis;69,6;51,8;61,8;49,1;49,7;66,1;342,8;.;36;517,4
08327;      Tuttlingen, Landkreis;62,8;54;56,7;50,4;53;63,4;333,4;-;33,2;462,9
08335;      Konstanz, Landkreis;67,4;54,5;57,2;47,1;50,4;59,8;334,9;489,5;31,3;456,7
08336;      Lörrach, Landkreis;64,9;51,1;54,9;45,3;47,9;56,3;358,9;.;29,8;474,2
08337;      Waldshut, Landkreis;65,5;49,8;58;45,9;46;53,1;337;.;34,3;454,4
08415;      Reutlingen, Landkreis;66,2;58,6;60,8;43,7;49,4;66,4;296,6;.;32,5;430,3
08416;      Tübingen, Landkreis;67;57,1;59,9;49,3;52,1;62,9;316,1;.;34,8;448,5
08417;      Zollernalbkreis, Landkreis;62,8;50,4;54,9;43,9;47,4;57,5;284,5;.;31,5;424,1
08421;      Ulm, Stadtkreis;74,2;69,5;61,9;50,7;50,7;.;.;.;33,4;.
08425;      Alb-Donau-Kreis, Landkreis;72,8;59,8;62,5;51;51,5;67,7;353,9;666,8;32,3;481,1
08426;      Biberach, Landkreis;72,5;60,8;61,4;50,6;53,6;67;375,6;632,7;32,4;486,8
08435;      Bodenseekreis, Landkreis;72,8;60,6;62,6;48,9;53,7;66,4;375,6;699,2;37,7;505,5
08436;      Ravensburg, Landkreis;72;55,8;62,5;51,1;52,5;67,9;344,2;696;32;460,6
08437;      Sigmaringen, Landkreis;67,9;56,1;57,6;45,4;49,4;63,3;345,8;.;31,6;448
2001;;;;;;;;;;;
08111;      Stuttgart, Stadtkreis;60,5;-;.;42,6;.;.;362,3;565,8;.;454,5
08115;      Böblingen, Landkreis;76,3;59,6;67,7;56,2;62,9;73,6;334,3;563,8;39,9;471,3
08116;      Esslingen, Landkreis;64,5;56,1;57;47,3;54;59;343;564,3;34,9;455,4
08117;      Göppingen, Landkreis;65,7;77,2;61,8;53;58,5;64,7;333,6;.;37,1;436,4
08118;      Ludwigsburg, Landkreis;74,7;52,2;64,8;52,4;54,4;68,9;390,9;605;36,6;471,6
08119;      Rems-Murr-Kreis, Landkreis;63,7;49;54,3;44,5;49,8;58,8;347;575,2;34,1;439,8
08121;      Heilbronn, Stadtkreis;.;.;.;.;.;.;.;.;.;.
08125;      Heilbronn, Landkreis;70,3;57,5;65,5;49;54,4;65,6;395,7;596,2;33,3;448,4
08126;      Hohenlohekreis, Landkreis;72,2;69,4;65,3;47,2;53,9;69,2;404,8;600;33,5;450,4
08127;      Schwäbisch Hall, Landkreis;71;55,5;63;51,2;55,5;65,1;320,3;576,9;33,7;426
08128;      Main-Tauber-Kreis, Landkreis;70,9;64,5;64,5;49;53,8;66,2;372,9;580,7;33,6;459,9
08135;      Heidenheim, Landkreis;71;54,6;65,6;50,5;56;67,7;380,8;610,9;37,7;450,7
08136;      Ostalbkreis, Landkreis;67,7;56,1;61,5;50;51,8;63,2;366,2;.;35,2;442,7
08211;      Baden-Baden, Stadtkreis;.;.;.;.;.;.;.;-;.;.
08212;      Karlsruhe, Stadtkreis;.;.;.;.;.;.;.;.;.;.
08215;      Karlsruhe, Landkreis;61,5;52,4;59,3;44,1;46,1;61,4;365,2;539,7;31,6;443,3
08216;      Rastatt, Landkreis;57,4;53;57,5;44,8;50,3;.;377;-;29,9;449,7
08221;      Heidelberg, Stadtkreis;.;.;.;.;.;.;.;.;.;.
08222;      Mannheim, Stadtkreis;.;.;.;.;.;.;.;.;.;.
08225;      Neckar-Odenwald-Kreis, Landkreis;67,3;57,9;59,5;44,3;48,4;66;374,7;569,8;31,2;404,3
08226;      Rhein-Neckar-Kreis, Landkreis;65,4;48,4;61,1;43,9;47,4;53,9;335;552,2;32,8;439,6
08231;      Pforzheim, Stadtkreis;.;.;.;.;.;-;.;-;.;.
08235;      Calw, Landkreis;62,4;49,6;53,6;48,2;54,9;56,9;308,7;.;36,2;405,2
08236;      Enzkreis, Landkreis;65,6;62,5;64,5;46;61,4;72,9;338;561;33,9;465,3
08237;      Freudenstadt, Landkreis;72,6;56,6;62,6;48,4;56,6;51,9;324,8;-;37,5;424,6
08311;      Freiburg im Breisgau, Stadtkreis;.;.;.;.;.;.;.;.;-;.
08315;      Breisgau-Hochschwarzwald, Landkreis;64,1;56,1;56,2;43,7;50,6;52,6;403,4;567,8;30,5;445,3
08316;      Emmendingen, Landkreis;60,3;49,7;51,7;48,3;52;59,5;331,1;582,5;.;434,3
08317;      Ortenaukreis, Landkreis;57,9;47,6;53,1;46,3;49,8;51,7;326,6;.;25,4;442,4
08325;      Rottweil, Landkreis;72,5;52,8;61,5;50,2;58,4;71,9;330,4;.;38,1;418,6
08326;      Schwarzwald-Baar-Kreis, Landkreis;68,7;50,2;58,2;43,9;52,9;63,9;326,1;.;36,2;443,9
08327;      Tuttlingen, Landkreis;64,1;51,8;55,6;43,7;50,8;58,1;336,1;-;34,6;430,9
08335;      Konstanz, Landkreis;69,8;56,7;57,6;46,2;53,8;62,2;338,8;.;32,2;432,2
08336;      Lörrach, Landkreis;54,6;46,7;47,5;39,1;44,4;50,1;323,3;.;31,2;498,5
08337;      Waldshut, Landkreis;61,1;50,5;55,9;42,9;48,3;52,9;351,7;.;37;443,9
08415;      Reutlingen, Landkreis;69,1;56,1;58,7;45,8;53,9;64;294,3;.;35,5;413,7
08416;      Tübingen, Landkreis;72;63,2;64,7;51;61,3;68,8;368,6;.;38,8;419,6
08417;      Zollernalbkreis, Landkreis;65,8;53,9;59,5;43,1;53,4;61,3;296,2;.;35,5;448,7
08421;      Ulm, Stadtkreis;79,4;72,6;68,1;55,9;63,2;.;.;.;36,5;.
08425;      Alb-Donau-Kreis, Landkreis;77,1;59,2;66;53,3;56,7;71,2;353,5;589,2;37,2;463,1
08426;      Biberach, Landkreis;77,8;65,7;65,9;52,2;60,2;72,2;378,1;622,1;37;458,5
08435;      Bodenseekreis, Landkreis;70,2;59,4;62,8;47,5;59,3;67,1;387,3;593,6;36,4;451,1
08436;      Ravensburg, Landkreis;74,5;55,5;64;51,5;58,3;69,1;384,6;.;36,7;441,9
08437;      Sigmaringen, Landkreis;75,8;59,6;63,2;49,6;57,4;67;388,8;.;36;447,3
2000;;;;;;;;;;;
08111;      Stuttgart, Stadtkreis;72;.;.;51;.;-;385,9;620,4;.;.
08115;      Böblingen, Landkreis;73,2;62,2;69,1;55,7;60,2;72,4;388,8;661,3;39,3;469,9
08116;      Esslingen, Landkreis;62,7;55,9;55,7;49,2;52,5;58,3;390,9;570,8;33,5;456
08117;      Göppingen, Landkreis;66,3;57,4;58,5;51,5;54;61,7;422,9;.;34,5;457,6
08118;      Ludwigsburg, Landkreis;70,5;53,8;66,1;53,5;54;64;422,5;707,2;34,8;464,9
08119;      Rems-Murr-Kreis, Landkreis;60,6;48,9;54,5;45,1;46,9;55,1;377,7;679,7;33,5;457,5
08121;      Heilbronn, Stadtkreis;.;.;.;.;.;.;.;.;.;.
08125;      Heilbronn, Landkreis;71,1;60,7;62,9;55,1;51,9;64,1;471,9;686;31,2;484,2
08126;      Hohenlohekreis, Landkreis;70,6;64,1;62,4;46,5;51,3;68,1;404,5;693,8;35;534,4
08127;      Schwäbisch Hall, Landkreis;72,1;55,6;63,9;48,7;52,2;66,5;366,1;631,1;34;460,5
08128;      Main-Tauber-Kreis, Landkreis;65,9;57,4;59,6;46,4;46,3;63,4;388,9;667,8;31,9;504,5
08135;      Heidenheim, Landkreis;69,4;52,4;62,1;51,8;52,3;71;450,6;642,3;36;468,1
08136;      Ostalbkreis, Landkreis;66,1;50,7;59,5;48,4;49,2;59,6;420,3;633,8;32,6;435,6
08211;      Baden-Baden, Stadtkreis;.;.;.;.;.;.;.;-;.;.
08212;      Karlsruhe, Stadtkreis;.;.;.;.;.;.;.;.;.;.
08215;      Karlsruhe, Landkreis;66,8;49,5;62,3;51,3;51,7;63;437,5;649,4;28,7;456,3
08216;      Rastatt, Landkreis;63,4;50,8;59,4;48,2;49,8;61,7;382,8;-;29,2;459,5
08221;      Heidelberg, Stadtkreis;.;.;.;.;.;.;.;.;.;.
08222;      Mannheim, Stadtkreis;.;.;.;.;.;.;.;.;.;.
08225;      Neckar-Odenwald-Kreis, Landkreis;65,8;53,6;57,9;45,7;47,3;61,9;422,5;630,9;31;441,5
08226;      Rhein-Neckar-Kreis, Landkreis;64,5;49,7;60,8;48,9;48,6;54,4;421,2;659;29;460,4
08231;      Pforzheim, Stadtkreis;.;.;.;.;.;-;.;-;.;.
08235;      Calw, Landkreis;63,6;47,6;55,5;51,9;52,5;54,5;341,5;.;34,9;457,9
08236;      Enzkreis, Landkreis;62,6;55,6;58,8;51,3;55;.;346,4;594,7;31,1;498,4
08237;      Freudenstadt, Landkreis;65;51,3;57,7;48;54,8;55,6;368,7;-;32,9;444,1
08311;      Freiburg im Breisgau, Stadtkreis;.;.;.;.;.;.;.;.;-;.
08315;      Breisgau-Hochschwarzwald, Landkreis;65,4;51,8;56,7;47,4;50;60,3;404,5;643,6;35,4;473,1
08316;      Emmendingen, Landkreis;59;42,6;51,1;53,2;46,4;54,9;420,4;651,9;.;513,5
08317;      Ortenaukreis, Landkreis;62,3;43,4;56;51,9;49,6;49,6;355,3;.;26;506,8
08325;      Rottweil, Landkreis;70,9;51,4;59,1;50,8;55,6;63,4;382,7;.;37,3;405,4
08326;      Schwarzwald-Baar-Kreis, Landkreis;75,7;57,2;63,5;53,6;57,2;73;371,5;.;39,8;474,4
08327;      Tuttlingen, Landkreis;68;55;58,6;49,3;54,5;63,8;364,7;-;35,6;446,7
08335;      Konstanz, Landkreis;69,8;56,4;58,9;50,6;54,2;61,4;391,9;.;32,8;492,3
08336;      Lörrach, Landkreis;60,2;40,1;51,7;45,3;48,3;58,6;364,4;.;.;467,1
08337;      Waldshut, Landkreis;64;48,3;56,3;48,5;48,7;53,6;413,7;.;35,9;465
08415;      Reutlingen, Landkreis;68,2;57,9;58,8;50,4;53,5;65,7;357,7;.;35,7;419,9
08416;      Tübingen, Landkreis;69,5;59;63,2;54,6;57,7;63,3;324,5;.;32,2;484,7
08417;      Zollernalbkreis, Landkreis;65,9;54,2;59,7;48;54,2;61,6;327,1;.;37,4;467,8
08421;      Ulm, Stadtkreis;.;.;.;.;.;.;.;.;.;.
08425;      Alb-Donau-Kreis, Landkreis;74;58,2;62,9;53,3;55,1;69,4;379,6;625,6;36,4;471,2
08426;      Biberach, Landkreis;75,8;64,2;66,1;55,8;58,8;72,2;451,2;632,1;36,6;498,1
08435;      Bodenseekreis, Landkreis;70,6;58,5;62,8;53,1;56,6;65,2;450,7;618,5;36;487,8
08436;      Ravensburg, Landkreis;74,5;58;64,2;53,8;60,3;68,7;415,2;.;36,5;484,8
08437;      Sigmaringen, Landkreis;75,2;56,6;63,7;53,5;56,8;66,2;434,6;.;36,4;469,3
1999;;;;;;;;;;;
08111;      Stuttgart, Stadtkreis;64,4;.;.;50,5;.;-;276,7;634,8;.;475,8
08115;      Böblingen, Landkreis;61;51,1;56,8;44,7;48,6;57,2;295,3;627,8;32,9;475,4
08116;      Esslingen, Landkreis;57,4;49,6;49,5;45,5;51;55,6;313,7;574;33,8;448,6
08117;      Göppingen, Landkreis;61,9;52,6;54,1;43,3;49,6;58,4;307,3;.;38,2;452,7
08118;      Ludwigsburg, Landkreis;66,3;52;60,7;52,8;54,2;65,2;332,9;693;37,6;485,1
08119;      Rems-Murr-Kreis, Landkreis;56,9;46,2;50,3;45,5;46,6;53,8;293,9;667,5;34,6;481,2
08121;      Heilbronn, Stadtkreis;.;.;.;.;.;.;.;.;.;.
08125;      Heilbronn, Landkreis;64,4;59,4;57,1;53,7;49,8;61;302,4;608,1;34,6;453,3
08126;      Hohenlohekreis, Landkreis;65,8;59,3;56,2;46;50,1;63,9;314,3;601,4;34,2;479,3
08127;      Schwäbisch Hall, Landkreis;61,5;49,8;53,2;46,9;52,4;58,4;269,3;594,5;30,5;473,4
08128;      Main-Tauber-Kreis, Landkreis;66,4;56;57,8;49,4;52,3;61,8;302,7;558,8;34,3;502
08135;      Heidenheim, Landkreis;62,4;51,4;53,5;46,3;49,6;52,8;295,6;616,7;36;476,8
08136;      Ostalbkreis, Landkreis;58;49,6;53,5;47,3;45,3;54,2;298,9;594,1;34,7;465,5
08211;      Baden-Baden, Stadtkreis;.;.;.;.;.;.;.;-;.;.
08212;      Karlsruhe, Stadtkreis;.;.;.;.;.;.;.;.;.;.
08215;      Karlsruhe, Landkreis;61,3;52,2;55,6;47,1;47,8;61,5;309,5;542,6;33,8;444,1
08216;      Rastatt, Landkreis;61,7;51,9;53,9;44;48,3;58;335,3;.;34,9;458,4
08221;      Heidelberg, Stadtkreis;.;.;.;.;.;.;.;.;.;.
08222;      Mannheim, Stadtkreis;.;.;.;.;.;.;.;.;.;.
08225;      Neckar-Odenwald-Kreis, Landkreis;61,8;56,2;53,7;46,1;46,3;56,2;320,7;561;33,4;434,2
08226;      Rhein-Neckar-Kreis, Landkreis;59,8;45,4;53,7;47;44,8;49,2;293,9;568,3;29;446,4
08231;      Pforzheim, Stadtkreis;.;.;.;.;.;-;.;-;.;.
08235;      Calw, Landkreis;58,9;43;53,7;48,2;50,6;51,1;274,3;550;37,3;475,9
08236;      Enzkreis, Landkreis;61,6;54,3;54,8;48,3;49,8;.;280,1;577,9;33;486,6
08237;      Freudenstadt, Landkreis;60,6;50,1;51,2;40,1;47;47,7;265,5;.;35,9;455,5
08311;      Freiburg im Breisgau, Stadtkreis;.;.;.;.;.;.;.;.;.;.
08315;      Breisgau-Hochschwarzwald, Landkreis;61,7;52,6;51,7;41,1;46,3;52;334,5;.;32,1;475
08316;      Emmendingen, Landkreis;55;48,2;46,3;48,4;47,1;51;330,8;.;.;490,3
08317;      Ortenaukreis, Landkreis;59,1;44,3;49,1;46,4;46,9;51,3;292,9;609,8;28,5;468,4
08325;      Rottweil, Landkreis;65,2;48,8;55,9;43,1;53,5;59,3;283;.;36;410,3
08326;      Schwarzwald-Baar-Kreis, Landkreis;64,8;51,6;57,2;47,9;51,6;59,6;259;.;38;468,2
08327;      Tuttlingen, Landkreis;62,2;55,6;50,7;43,4;48;56,1;259,5;.;34,7;485,1
08335;      Konstanz, Landkreis;60,1;52,7;49;39,3;47,1;57,5;261,5;515,4;32,6;431,6
08336;      Lörrach, Landkreis;48,3;46,3;40,6;37,2;40,1;49,9;264,5;.;.;446,3
08337;      Waldshut, Landkreis;54,2;42,4;47,9;41,6;44,6;49,9;259,6;.;33,8;397,2
08415;      Reutlingen, Landkreis;61,4;53,6;52,5;40;47,8;62,1;242,1;.;35,4;517,8
08416;      Tübingen, Landkreis;60,4;53,8;53,9;43,3;51;58,1;254,9;.;32;453,8
08417;      Zollernalbkreis, Landkreis;57,1;46;49;40,5;46,7;59,9;229,6;.;33,1;456,4
08421;      Ulm, Stadtkreis;.;.;.;.;.;.;.;.;.;.
08425;      Alb-Donau-Kreis, Landkreis;68;55,7;56,7;48;52;63,4;278,2;612,6;34,9;475,3
08426;      Biberach, Landkreis;66,4;56,9;57,7;45,9;54;64,1;288,9;641;36,4;469,2
08435;      Bodenseekreis, Landkreis;60,3;53,8;50,6;38,1;50,3;59,3;289,8;549,3;33,2;439,3
08436;      Ravensburg, Landkreis;62,2;50,5;54,2;46,8;52,3;61,2;285,9;.;35,4;411,4
08437;      Sigmaringen, Landkreis;65,3;54;53,7;40,3;51,2;57,4;247,3;.;34,5;406,2
______________;;;;;;;;;;;
